,index,date,week_day,sport,time,info,hours,minutes,seconds,total_seconds,category,year,month,month_str,day,day_str,month_name_en,month_name_pl,day_num,day_of_week,day_of_week_name_en,day_of_week_name_pl,week,day_of_year
0,1,2024-01-01,poniedziałek,,00:00:00,,0,0,0,0,,2024,1,01,1,01,January,Styczeń,31,1,Monday,Poniedziałek,1,1
1,2,2024-01-02,wtorek,siłownia,01:08:42,"2024-01-02, siłownia",1,8,42,4122,sporty siłowe,2024,1,01,2,02,January,Styczeń,31,2,Tuesday,Wtorek,1,2
2,3,2024-01-03,środa,bieganie,00:30:39,"2024-01-03, bieganie",0,30,39,1839,bieganie,2024,1,01,3,03,January,Styczeń,31,3,Wednesday,Środa,1,3
3,4,2024-01-04,czwartek,,00:00:00,,0,0,0,0,,2024,1,01,4,04,January,Styczeń,31,4,Thursday,Czwartek,1,4
4,5,2024-01-05,piątek,,00:00:00,,0,0,0,0,,2024,1,01,5,05,January,Styczeń,31,5,Friday,Piątek,1,5
5,6,2024-01-06,sobota,,00:00:00,,0,0,0,0,,2024,1,01,6,06,January,Styczeń,31,6,Saturday,Sobota,1,6
6,7,2024-01-07,niedziela,bieganie,00:39:28,"2024-01-07, bieganie",0,39,28,2368,bieganie,2024,1,01,7,07,January,Styczeń,31,7,Sunday,Niedziela,1,7
7,8,2024-01-08,poniedziałek,kalistenika,00:46:20,"2024-01-08, kalistenika",0,46,20,2780,sporty siłowe,2024,1,01,8,08,January,Styczeń,31,1,Monday,Poniedziałek,2,8
8,9,2024-01-09,wtorek,bieganie,00:40:30,"2024-01-09, bieganie",0,40,30,2430,bieganie,2024,1,01,9,09,January,Styczeń,31,2,Tuesday,Wtorek,2,9
9,10,2024-01-10,środa,,00:00:00,,0,0,0,0,,2024,1,01,10,10,January,Styczeń,31,3,Wednesday,Środa,2,10
10,11,2024-01-11,czwartek,siłownia,00:50:03,"2024-01-11, siłownia",0,50,3,3003,sporty siłowe,2024,1,01,11,11,January,Styczeń,31,4,Thursday,Czwartek,2,11
11,12,2024-01-12,piątek,bieganie,00:39:43,"2024-01-12, bieganie",0,39,43,2383,bieganie,2024,1,01,12,12,January,Styczeń,31,5,Friday,Piątek,2,12
12,13,2024-01-13,sobota,,00:00:00,,0,0,0,0,,2024,1,01,13,13,January,Styczeń,31,6,Saturday,Sobota,2,13
13,14,2024-01-14,niedziela,bieganie,00:30:26,"2024-01-14, bieganie",0,30,26,1826,bieganie,2024,1,01,14,14,January,Styczeń,31,7,Sunday,Niedziela,2,14
14,15,2024-01-15,poniedziałek,,00:00:00,,0,0,0,0,,2024,1,01,15,15,January,Styczeń,31,1,Monday,Poniedziałek,3,15
15,16,2024-01-16,wtorek,kalistenika,00:59:38,"2024-01-16, kalistenika",0,59,38,3578,sporty siłowe,2024,1,01,16,16,January,Styczeń,31,2,Tuesday,Wtorek,3,16
16,17,2024-01-17,środa,,00:00:00,,0,0,0,0,,2024,1,01,17,17,January,Styczeń,31,3,Wednesday,Środa,3,17
17,18,2024-01-18,czwartek,bieganie,00:52:38,"2024-01-18, bieganie",0,52,38,3158,bieganie,2024,1,01,18,18,January,Styczeń,31,4,Thursday,Czwartek,3,18
18,19,2024-01-19,piątek,,00:00:00,,0,0,0,0,,2024,1,01,19,19,January,Styczeń,31,5,Friday,Piątek,3,19
19,20,2024-01-20,sobota,kalistenika,01:08:49,"2024-01-20, kalistenika",1,8,49,4129,sporty siłowe,2024,1,01,20,20,January,Styczeń,31,6,Saturday,Sobota,3,20
20,21,2024-01-21,niedziela,,00:00:00,,0,0,0,0,,2024,1,01,21,21,January,Styczeń,31,7,Sunday,Niedziela,3,21
21,22,2024-01-22,poniedziałek,,00:00:00,,0,0,0,0,,2024,1,01,22,22,January,Styczeń,31,1,Monday,Poniedziałek,4,22
22,23,2024-01-23,wtorek,bieganie,00:56:51,"2024-01-23, bieganie",0,56,51,3411,bieganie,2024,1,01,23,23,January,Styczeń,31,2,Tuesday,Wtorek,4,23
23,24,2024-01-24,środa,siłownia,01:02:46,"2024-01-24, siłownia",1,2,46,3766,sporty siłowe,2024,1,01,24,24,January,Styczeń,31,3,Wednesday,Środa,4,24
24,25,2024-01-25,czwartek,bieganie,00:39:02,"2024-01-25, bieganie",0,39,2,2342,bieganie,2024,1,01,25,25,January,Styczeń,31,4,Thursday,Czwartek,4,25
25,26,2024-01-26,piątek,kalistenika,01:10:03,"2024-01-26, kalistenika",1,10,3,4203,sporty siłowe,2024,1,01,26,26,January,Styczeń,31,5,Friday,Piątek,4,26
26,27,2024-01-27,sobota,,00:00:00,,0,0,0,0,,2024,1,01,27,27,January,Styczeń,31,6,Saturday,Sobota,4,27
27,28,2024-01-28,niedziela,siatkówka,02:00:00,"2024-01-28, siatkówka",2,0,0,7200,sporty piłkowe,2024,1,01,28,28,January,Styczeń,31,7,Sunday,Niedziela,4,28
28,29,2024-01-29,poniedziałek,,00:00:00,,0,0,0,0,,2024,1,01,29,29,January,Styczeń,31,1,Monday,Poniedziałek,5,29
29,30,2024-01-30,wtorek,bieganie,00:59:00,"2024-01-30, bieganie",0,59,0,3540,bieganie,2024,1,01,30,30,January,Styczeń,31,2,Tuesday,Wtorek,5,30
30,31,2024-01-31,środa,siłownia,01:05:26,"2024-01-31, siłownia",1,5,26,3926,sporty siłowe,2024,1,01,31,31,January,Styczeń,31,3,Wednesday,Środa,5,31
31,32,2024-02-01,czwartek,bieganie,00:57:50,"2024-02-01, bieganie",0,57,50,3470,bieganie,2024,2,02,1,01,February,Luty,29,4,Thursday,Czwartek,5,32
32,33,2024-02-02,piątek,kalistenika,01:02:10,"2024-02-02, kalistenika",1,2,10,3730,sporty siłowe,2024,2,02,2,02,February,Luty,29,5,Friday,Piątek,5,33
33,34,2024-02-03,sobota,,00:00:00,,0,0,0,0,,2024,2,02,3,03,February,Luty,29,6,Saturday,Sobota,5,34
34,35,2024-02-04,niedziela,siatkówka,02:00:00,"2024-02-04, siatkówka",2,0,0,7200,sporty piłkowe,2024,2,02,4,04,February,Luty,29,7,Sunday,Niedziela,5,35
35,36,2024-02-05,poniedziałek,,00:00:00,,0,0,0,0,,2024,2,02,5,05,February,Luty,29,1,Monday,Poniedziałek,6,36
36,37,2024-02-06,wtorek,siłownia,01:10:04,"2024-02-06, siłownia",1,10,4,4204,sporty siłowe,2024,2,02,6,06,February,Luty,29,2,Tuesday,Wtorek,6,37
37,38,2024-02-07,środa,bieganie,00:47:57,"2024-02-07, bieganie",0,47,57,2877,bieganie,2024,2,02,7,07,February,Luty,29,3,Wednesday,Środa,6,38
38,39,2024-02-08,czwartek,,00:00:00,,0,0,0,0,,2024,2,02,8,08,February,Luty,29,4,Thursday,Czwartek,6,39
39,40,2024-02-09,piątek,bieganie,00:50:34,"2024-02-09, bieganie",0,50,34,3034,bieganie,2024,2,02,9,09,February,Luty,29,5,Friday,Piątek,6,40
40,41,2024-02-10,sobota,kalistenika,00:32:34,"2024-02-10, kalistenika",0,32,34,1954,sporty siłowe,2024,2,02,10,10,February,Luty,29,6,Saturday,Sobota,6,41
41,42,2024-02-11,niedziela,,00:00:00,,0,0,0,0,,2024,2,02,11,11,February,Luty,29,7,Sunday,Niedziela,6,42
42,43,2024-02-12,poniedziałek,bieganie,01:11:05,"2024-02-12, bieganie",1,11,5,4265,bieganie,2024,2,02,12,12,February,Luty,29,1,Monday,Poniedziałek,7,43
43,44,2024-02-13,wtorek,siłownia,01:07:58,"2024-02-13, siłownia",1,7,58,4078,sporty siłowe,2024,2,02,13,13,February,Luty,29,2,Tuesday,Wtorek,7,44
44,45,2024-02-14,środa,bieganie,01:17:17,"2024-02-14, bieganie",1,17,17,4637,bieganie,2024,2,02,14,14,February,Luty,29,3,Wednesday,Środa,7,45
45,46,2024-02-15,czwartek,,00:00:00,,0,0,0,0,,2024,2,02,15,15,February,Luty,29,4,Thursday,Czwartek,7,46
46,47,2024-02-16,piątek,kalistenika,01:10:33,"2024-02-16, kalistenika",1,10,33,4233,sporty siłowe,2024,2,02,16,16,February,Luty,29,5,Friday,Piątek,7,47
47,48,2024-02-17,sobota,bieganie,01:32:07,"2024-02-17, bieganie",1,32,7,5527,bieganie,2024,2,02,17,17,February,Luty,29,6,Saturday,Sobota,7,48
48,49,2024-02-18,niedziela,,00:00:00,,0,0,0,0,,2024,2,02,18,18,February,Luty,29,7,Sunday,Niedziela,7,49
49,50,2024-02-19,poniedziałek,bieganie,00:49:24,"2024-02-19, bieganie",0,49,24,2964,bieganie,2024,2,02,19,19,February,Luty,29,1,Monday,Poniedziałek,8,50
50,51,2024-02-20,wtorek,kalistenika,01:04:34,"2024-02-20, kalistenika",1,4,34,3874,sporty siłowe,2024,2,02,20,20,February,Luty,29,2,Tuesday,Wtorek,8,51
51,52,2024-02-21,środa,bieganie,01:06:25,"2024-02-21, bieganie",1,6,25,3985,bieganie,2024,2,02,21,21,February,Luty,29,3,Wednesday,Środa,8,52
52,53,2024-02-22,czwartek,,00:00:00,,0,0,0,0,,2024,2,02,22,22,February,Luty,29,4,Thursday,Czwartek,8,53
53,54,2024-02-23,piątek,siłownia,01:11:53,"2024-02-23, siłownia",1,11,53,4313,sporty siłowe,2024,2,02,23,23,February,Luty,29,5,Friday,Piątek,8,54
54,55,2024-02-24,sobota,bieganie,01:38:14,"2024-02-24, bieganie",1,38,14,5894,bieganie,2024,2,02,24,24,February,Luty,29,6,Saturday,Sobota,8,55
55,56,2024-02-25,niedziela,,00:00:00,,0,0,0,0,,2024,2,02,25,25,February,Luty,29,7,Sunday,Niedziela,8,56
56,57,2024-02-26,poniedziałek,,00:00:00,,0,0,0,0,,2024,2,02,26,26,February,Luty,29,1,Monday,Poniedziałek,9,57
57,58,2024-02-27,wtorek,,00:00:00,,0,0,0,0,,2024,2,02,27,27,February,Luty,29,2,Tuesday,Wtorek,9,58
58,59,2024-02-28,środa,,00:00:00,,0,0,0,0,,2024,2,02,28,28,February,Luty,29,3,Wednesday,Środa,9,59
59,60,2024-02-29,czwartek,,00:00:00,,0,0,0,0,,2024,2,02,29,29,February,Luty,29,4,Thursday,Czwartek,9,60
60,61,2024-03-01,piątek,rower,00:43:28,"2024-03-01, rower",0,43,28,2608,inne,2024,3,03,1,01,March,Marzec,31,5,Friday,Piątek,9,61
61,62,2024-03-02,sobota,,00:00:00,,0,0,0,0,,2024,3,03,2,02,March,Marzec,31,6,Saturday,Sobota,9,62
62,63,2024-03-03,niedziela,,00:00:00,,0,0,0,0,,2024,3,03,3,03,March,Marzec,31,7,Sunday,Niedziela,9,63
63,64,2024-03-04,poniedziałek,,00:00:00,,0,0,0,0,,2024,3,03,4,04,March,Marzec,31,1,Monday,Poniedziałek,10,64
64,65,2024-03-05,wtorek,rower,00:40:03,"2024-03-05, rower",0,40,3,2403,inne,2024,3,03,5,05,March,Marzec,31,2,Tuesday,Wtorek,10,65
65,66,2024-03-06,środa,,00:00:00,,0,0,0,0,,2024,3,03,6,06,March,Marzec,31,3,Wednesday,Środa,10,66
66,67,2024-03-07,czwartek,bieganie,00:47:32,"2024-03-07, bieganie",0,47,32,2852,bieganie,2024,3,03,7,07,March,Marzec,31,4,Thursday,Czwartek,10,67
67,68,2024-03-08,piątek,,00:00:00,,0,0,0,0,,2024,3,03,8,08,March,Marzec,31,5,Friday,Piątek,10,68
68,69,2024-03-09,sobota,bieganie,01:15:46,"2024-03-09, bieganie",1,15,46,4546,bieganie,2024,3,03,9,09,March,Marzec,31,6,Saturday,Sobota,10,69
69,70,2024-03-10,niedziela,siatkówka,02:00:00,"2024-03-10, siatkówka",2,0,0,7200,sporty piłkowe,2024,3,03,10,10,March,Marzec,31,7,Sunday,Niedziela,10,70
70,71,2024-03-11,poniedziałek,bieganie,00:46:14,"2024-03-11, bieganie",0,46,14,2774,bieganie,2024,3,03,11,11,March,Marzec,31,1,Monday,Poniedziałek,11,71
71,72,2024-03-12,wtorek,,00:00:00,,0,0,0,0,,2024,3,03,12,12,March,Marzec,31,2,Tuesday,Wtorek,11,72
72,73,2024-03-13,środa,,00:00:00,,0,0,0,0,,2024,3,03,13,13,March,Marzec,31,3,Wednesday,Środa,11,73
73,74,2024-03-14,czwartek,bieganie,01:21:10,"2024-03-14, bieganie",1,21,10,4870,bieganie,2024,3,03,14,14,March,Marzec,31,4,Thursday,Czwartek,11,74
74,75,2024-03-15,piątek,,00:00:00,,0,0,0,0,,2024,3,03,15,15,March,Marzec,31,5,Friday,Piątek,11,75
75,76,2024-03-16,sobota,,00:00:00,,0,0,0,0,,2024,3,03,16,16,March,Marzec,31,6,Saturday,Sobota,11,76
76,77,2024-03-17,niedziela,,00:00:00,,0,0,0,0,,2024,3,03,17,17,March,Marzec,31,7,Sunday,Niedziela,11,77
77,78,2024-03-18,poniedziałek,bieganie,00:44:54,"2024-03-18, bieganie",0,44,54,2694,bieganie,2024,3,03,18,18,March,Marzec,31,1,Monday,Poniedziałek,12,78
78,79,2024-03-19,wtorek,,00:00:00,,0,0,0,0,,2024,3,03,19,19,March,Marzec,31,2,Tuesday,Wtorek,12,79
79,80,2024-03-20,środa,bieganie,00:45:26,"2024-03-20, bieganie",0,45,26,2726,bieganie,2024,3,03,20,20,March,Marzec,31,3,Wednesday,Środa,12,80
80,81,2024-03-21,czwartek,siatkówka,02:00:00,"2024-03-21, siatkówka",2,0,0,7200,sporty piłkowe,2024,3,03,21,21,March,Marzec,31,4,Thursday,Czwartek,12,81
81,82,2024-03-22,piątek,,00:00:00,,0,0,0,0,,2024,3,03,22,22,March,Marzec,31,5,Friday,Piątek,12,82
82,83,2024-03-23,sobota,,00:00:00,,0,0,0,0,,2024,3,03,23,23,March,Marzec,31,6,Saturday,Sobota,12,83
83,84,2024-03-24,niedziela,Półmaraton Warszawski,01:39:55,"2024-03-24, Półmaraton Warszawski",1,39,55,5995,zawody,2024,3,03,24,24,March,Marzec,31,7,Sunday,Niedziela,12,84
84,85,2024-03-25,poniedziałek,,00:00:00,,0,0,0,0,,2024,3,03,25,25,March,Marzec,31,1,Monday,Poniedziałek,13,85
85,86,2024-03-26,wtorek,,00:00:00,,0,0,0,0,,2024,3,03,26,26,March,Marzec,31,2,Tuesday,Wtorek,13,86
86,87,2024-03-27,środa,kalistenika,00:49:56,"2024-03-27, kalistenika",0,49,56,2996,sporty siłowe,2024,3,03,27,27,March,Marzec,31,3,Wednesday,Środa,13,87
87,88,2024-03-28,czwartek,,00:00:00,,0,0,0,0,,2024,3,03,28,28,March,Marzec,31,4,Thursday,Czwartek,13,88
88,89,2024-03-29,piątek,kalistenika,00:45:59,"2024-03-29, kalistenika",0,45,59,2759,sporty siłowe,2024,3,03,29,29,March,Marzec,31,5,Friday,Piątek,13,89
89,90,2024-03-30,sobota,,00:00:00,,0,0,0,0,,2024,3,03,30,30,March,Marzec,31,6,Saturday,Sobota,13,90
90,91,2024-03-31,niedziela,siatkówka,02:00:00,"2024-03-31, siatkówka",2,0,0,7200,sporty piłkowe,2024,3,03,31,31,March,Marzec,31,7,Sunday,Niedziela,13,91
91,92,2024-04-01,poniedziałek,rower,01:34:29,"2024-04-01, rower",1,34,29,5669,inne,2024,4,04,1,01,April,Kwiecień,30,1,Monday,Poniedziałek,14,92
92,93,2024-04-02,wtorek,,00:00:00,,0,0,0,0,,2024,4,04,2,02,April,Kwiecień,30,2,Tuesday,Wtorek,14,93
93,94,2024-04-03,środa,siłownia,01:15:00,"2024-04-03, siłownia",1,15,0,4500,sporty siłowe,2024,4,04,3,03,April,Kwiecień,30,3,Wednesday,Środa,14,94
94,95,2024-04-04,czwartek,,00:00:00,,0,0,0,0,,2024,4,04,4,04,April,Kwiecień,30,4,Thursday,Czwartek,14,95
95,96,2024-04-05,piątek,,00:00:00,,0,0,0,0,,2024,4,04,5,05,April,Kwiecień,30,5,Friday,Piątek,14,96
96,97,2024-04-06,sobota,kalistenika,00:48:29,"2024-04-06, kalistenika",0,48,29,2909,sporty siłowe,2024,4,04,6,06,April,Kwiecień,30,6,Saturday,Sobota,14,97
97,98,2024-04-07,niedziela,rower,02:42:36,"2024-04-07, rower",2,42,36,9756,inne,2024,4,04,7,07,April,Kwiecień,30,7,Sunday,Niedziela,14,98
98,99,2024-04-08,poniedziałek,siłownia,00:58:17,"2024-04-08, siłownia",0,58,17,3497,sporty siłowe,2024,4,04,8,08,April,Kwiecień,30,1,Monday,Poniedziałek,15,99
99,100,2024-04-09,wtorek,,00:00:00,,0,0,0,0,,2024,4,04,9,09,April,Kwiecień,30,2,Tuesday,Wtorek,15,100
100,101,2024-04-10,środa,bieganie,00:38:43,"2024-04-10, bieganie",0,38,43,2323,bieganie,2024,4,04,10,10,April,Kwiecień,30,3,Wednesday,Środa,15,101
101,102,2024-04-11,czwartek,kalistenika,00:52:44,"2024-04-11, kalistenika",0,52,44,3164,sporty siłowe,2024,4,04,11,11,April,Kwiecień,30,4,Thursday,Czwartek,15,102
102,103,2024-04-12,piątek,bieganie,00:48:40,"2024-04-12, bieganie",0,48,40,2920,bieganie,2024,4,04,12,12,April,Kwiecień,30,5,Friday,Piątek,15,103
103,104,2024-04-13,sobota,rower,01:11:06,"2024-04-13, rower",1,11,6,4266,inne,2024,4,04,13,13,April,Kwiecień,30,6,Saturday,Sobota,15,104
104,105,2024-04-14,niedziela,siatkówka,02:00:00,"2024-04-14, siatkówka",2,0,0,7200,sporty piłkowe,2024,4,04,14,14,April,Kwiecień,30,7,Sunday,Niedziela,15,105
105,106,2024-04-15,poniedziałek,bieganie,00:37:53,"2024-04-15, bieganie",0,37,53,2273,bieganie,2024,4,04,15,15,April,Kwiecień,30,1,Monday,Poniedziałek,16,106
106,107,2024-04-16,wtorek,siłownia,01:10:05,"2024-04-16, siłownia",1,10,5,4205,sporty siłowe,2024,4,04,16,16,April,Kwiecień,30,2,Tuesday,Wtorek,16,107
107,108,2024-04-17,środa,bieganie,00:58:51,"2024-04-17, bieganie",0,58,51,3531,bieganie,2024,4,04,17,17,April,Kwiecień,30,3,Wednesday,Środa,16,108
108,109,2024-04-18,czwartek,siatkówka,02:00:00,"2024-04-18, siatkówka",2,0,0,7200,sporty piłkowe,2024,4,04,18,18,April,Kwiecień,30,4,Thursday,Czwartek,16,109
109,110,2024-04-19,piątek,,00:00:00,,0,0,0,0,,2024,4,04,19,19,April,Kwiecień,30,5,Friday,Piątek,16,110
110,111,2024-04-20,sobota,,00:00:00,,0,0,0,0,,2024,4,04,20,20,April,Kwiecień,30,6,Saturday,Sobota,16,111
111,112,2024-04-21,niedziela,,00:00:00,,0,0,0,0,,2024,4,04,21,21,April,Kwiecień,30,7,Sunday,Niedziela,16,112
112,113,2024-04-22,poniedziałek,kalistenika,01:01:37,"2024-04-22, kalistenika",1,1,37,3697,sporty siłowe,2024,4,04,22,22,April,Kwiecień,30,1,Monday,Poniedziałek,17,113
113,114,2024-04-23,wtorek,bieganie,00:47:49,"2024-04-23, bieganie",0,47,49,2869,bieganie,2024,4,04,23,23,April,Kwiecień,30,2,Tuesday,Wtorek,17,114
114,115,2024-04-24,środa,,00:00:00,,0,0,0,0,,2024,4,04,24,24,April,Kwiecień,30,3,Wednesday,Środa,17,115
115,116,2024-04-25,czwartek,piłka nożna,02:00:00,"2024-04-25, piłka nożna",2,0,0,7200,sporty piłkowe,2024,4,04,25,25,April,Kwiecień,30,4,Thursday,Czwartek,17,116
116,117,2024-04-26,piątek,,00:00:00,,0,0,0,0,,2024,4,04,26,26,April,Kwiecień,30,5,Friday,Piątek,17,117
117,118,2024-04-27,sobota,siłownia,01:03:18,"2024-04-27, siłownia",1,3,18,3798,sporty siłowe,2024,4,04,27,27,April,Kwiecień,30,6,Saturday,Sobota,17,118
118,119,2024-04-28,niedziela,bieganie,00:54:16,"2024-04-28, bieganie",0,54,16,3256,bieganie,2024,4,04,28,28,April,Kwiecień,30,7,Sunday,Niedziela,17,119
119,120,2024-04-29,poniedziałek,kalistenika,00:57:02,"2024-04-29, kalistenika",0,57,2,3422,sporty siłowe,2024,4,04,29,29,April,Kwiecień,30,1,Monday,Poniedziałek,18,120
120,121,2024-04-30,wtorek,bieganie,01:19:20,"2024-04-30, bieganie",1,19,20,4760,bieganie,2024,4,04,30,30,April,Kwiecień,30,2,Tuesday,Wtorek,18,121
121,122,2024-05-01,środa,góry,01:34:30,"2024-05-01, góry",1,34,30,5670,inne,2024,5,05,1,01,May,Maj,31,3,Wednesday,Środa,18,122
122,123,2024-05-02,czwartek,góry,03:43:15,"2024-05-02, góry",3,43,15,13395,inne,2024,5,05,2,02,May,Maj,31,4,Thursday,Czwartek,18,123
123,124,2024-05-03,piątek,góry,02:12:29,"2024-05-03, góry",2,12,29,7949,inne,2024,5,05,3,03,May,Maj,31,5,Friday,Piątek,18,124
124,125,2024-05-04,sobota,góry,04:01:02,"2024-05-04, góry",4,1,2,14462,inne,2024,5,05,4,04,May,Maj,31,6,Saturday,Sobota,18,125
125,126,2024-05-05,niedziela,plażówka,02:00:00,"2024-05-05, plażówka",2,0,0,7200,sporty piłkowe,2024,5,05,5,05,May,Maj,31,7,Sunday,Niedziela,18,126
126,127,2024-05-06,poniedziałek,kalistenika,00:51:40,"2024-05-06, kalistenika",0,51,40,3100,sporty siłowe,2024,5,05,6,06,May,Maj,31,1,Monday,Poniedziałek,19,127
127,128,2024-05-07,wtorek,bieganie,00:37:34,"2024-05-07, bieganie",0,37,34,2254,bieganie,2024,5,05,7,07,May,Maj,31,2,Tuesday,Wtorek,19,128
128,129,2024-05-08,środa,siłownia,01:11:53,"2024-05-08, siłownia",1,11,53,4313,sporty siłowe,2024,5,05,8,08,May,Maj,31,3,Wednesday,Środa,19,129
129,130,2024-05-09,czwartek,squash,00:46:31,"2024-05-09, squash",0,46,31,2791,sporty piłkowe,2024,5,05,9,09,May,Maj,31,4,Thursday,Czwartek,19,130
130,131,2024-05-10,piątek,bieganie,00:49:42,"2024-05-10, bieganie",0,49,42,2982,bieganie,2024,5,05,10,10,May,Maj,31,5,Friday,Piątek,19,131
131,132,2024-05-11,sobota,,00:00:00,,0,0,0,0,,2024,5,05,11,11,May,Maj,31,6,Saturday,Sobota,19,132
132,133,2024-05-12,niedziela,,00:00:00,,0,0,0,0,,2024,5,05,12,12,May,Maj,31,7,Sunday,Niedziela,19,133
133,134,2024-05-13,poniedziałek,bieganie,00:47:31,"2024-05-13, bieganie",0,47,31,2851,bieganie,2024,5,05,13,13,May,Maj,31,1,Monday,Poniedziałek,20,134
134,135,2024-05-14,wtorek,siłownia,01:03:22,"2024-05-14, siłownia",1,3,22,3802,sporty siłowe,2024,5,05,14,14,May,Maj,31,2,Tuesday,Wtorek,20,135
135,136,2024-05-15,środa,bieganie,01:00:16,"2024-05-15, bieganie",1,0,16,3616,bieganie,2024,5,05,15,15,May,Maj,31,3,Wednesday,Środa,20,136
136,137,2024-05-16,czwartek,,00:00:00,,0,0,0,0,,2024,5,05,16,16,May,Maj,31,4,Thursday,Czwartek,20,137
137,138,2024-05-17,piątek,kalistenika,00:57:21,"2024-05-17, kalistenika",0,57,21,3441,sporty siłowe,2024,5,05,17,17,May,Maj,31,5,Friday,Piątek,20,138
138,139,2024-05-18,sobota,bieganie,01:19:32,"2024-05-18, bieganie",1,19,32,4772,bieganie,2024,5,05,18,18,May,Maj,31,6,Saturday,Sobota,20,139
139,140,2024-05-19,niedziela,,00:00:00,,0,0,0,0,,2024,5,05,19,19,May,Maj,31,7,Sunday,Niedziela,20,140
140,141,2024-05-20,poniedziałek,piłka nożna,02:00:00,"2024-05-20, piłka nożna",2,0,0,7200,sporty piłkowe,2024,5,05,20,20,May,Maj,31,1,Monday,Poniedziałek,21,141
141,142,2024-05-21,wtorek,siłownia,01:00:25,"2024-05-21, siłownia",1,0,25,3625,sporty siłowe,2024,5,05,21,21,May,Maj,31,2,Tuesday,Wtorek,21,142
142,143,2024-05-22,środa,ocr,01:01:18,"2024-05-22, ocr",1,1,18,3678,sporty siłowe,2024,5,05,22,22,May,Maj,31,3,Wednesday,Środa,21,143
143,144,2024-05-23,czwartek,bieganie,00:43:12,"2024-05-23, bieganie",0,43,12,2592,bieganie,2024,5,05,23,23,May,Maj,31,4,Thursday,Czwartek,21,144
144,145,2024-05-24,piątek,,00:00:00,,0,0,0,0,,2024,5,05,24,24,May,Maj,31,5,Friday,Piątek,21,145
145,146,2024-05-25,sobota,Runmageddon Rekrut,01:41:13,"2024-05-25, Runmageddon Rekrut",1,41,13,6073,zawody,2024,5,05,25,25,May,Maj,31,6,Saturday,Sobota,21,146
146,147,2024-05-26,niedziela,,00:00:00,,0,0,0,0,,2024,5,05,26,26,May,Maj,31,7,Sunday,Niedziela,21,147
147,148,2024-05-27,poniedziałek,,00:00:00,,0,0,0,0,,2024,5,05,27,27,May,Maj,31,1,Monday,Poniedziałek,22,148
148,149,2024-05-28,wtorek,,00:00:00,,0,0,0,0,,2024,5,05,28,28,May,Maj,31,2,Tuesday,Wtorek,22,149
149,150,2024-05-29,środa,,00:00:00,,0,0,0,0,,2024,5,05,29,29,May,Maj,31,3,Wednesday,Środa,22,150
150,151,2024-05-30,czwartek,,00:00:00,,0,0,0,0,,2024,5,05,30,30,May,Maj,31,4,Thursday,Czwartek,22,151
151,152,2024-05-31,piątek,,00:00:00,,0,0,0,0,,2024,5,05,31,31,May,Maj,31,5,Friday,Piątek,22,152
152,153,2024-06-01,sobota,,00:00:00,,0,0,0,0,,2024,6,06,1,01,June,Czerwiec,30,6,Saturday,Sobota,22,153
153,154,2024-06-02,niedziela,,00:00:00,,0,0,0,0,,2024,6,06,2,02,June,Czerwiec,30,7,Sunday,Niedziela,22,154
154,155,2024-06-03,poniedziałek,,00:00:00,,0,0,0,0,,2024,6,06,3,03,June,Czerwiec,30,1,Monday,Poniedziałek,23,155
155,156,2024-06-04,wtorek,,00:00:00,,0,0,0,0,,2024,6,06,4,04,June,Czerwiec,30,2,Tuesday,Wtorek,23,156
156,157,2024-06-05,środa,kalistenika,01:01:09,"2024-06-05, kalistenika",1,1,9,3669,sporty siłowe,2024,6,06,5,05,June,Czerwiec,30,3,Wednesday,Środa,23,157
157,158,2024-06-06,czwartek,bieganie,00:31:32,"2024-06-06, bieganie",0,31,32,1892,bieganie,2024,6,06,6,06,June,Czerwiec,30,4,Thursday,Czwartek,23,158
158,159,2024-06-07,piątek,siłownia,01:13:16,"2024-06-07, siłownia",1,13,16,4396,sporty siłowe,2024,6,06,7,07,June,Czerwiec,30,5,Friday,Piątek,23,159
159,160,2024-06-08,sobota,bieganie,00:49:46,"2024-06-08, bieganie",0,49,46,2986,bieganie,2024,6,06,8,08,June,Czerwiec,30,6,Saturday,Sobota,23,160
160,161,2024-06-09,niedziela,,00:00:00,,0,0,0,0,,2024,6,06,9,09,June,Czerwiec,30,7,Sunday,Niedziela,23,161
161,162,2024-06-10,poniedziałek,piłka nożna,02:00:00,"2024-06-10, piłka nożna",2,0,0,7200,sporty piłkowe,2024,6,06,10,10,June,Czerwiec,30,1,Monday,Poniedziałek,24,162
162,163,2024-06-11,wtorek,bieganie,00:53:30,"2024-06-11, bieganie",0,53,30,3210,bieganie,2024,6,06,11,11,June,Czerwiec,30,2,Tuesday,Wtorek,24,163
163,164,2024-06-12,środa,siłownia,01:20:46,"2024-06-12, siłownia",1,20,46,4846,sporty siłowe,2024,6,06,12,12,June,Czerwiec,30,3,Wednesday,Środa,24,164
164,165,2024-06-13,czwartek,siatkówka,02:00:00,"2024-06-13, siatkówka",2,0,0,7200,sporty piłkowe,2024,6,06,13,13,June,Czerwiec,30,4,Thursday,Czwartek,24,165
165,166,2024-06-14,piątek,,00:00:00,,0,0,0,0,,2024,6,06,14,14,June,Czerwiec,30,5,Friday,Piątek,24,166
166,167,2024-06-15,sobota,kalistenika,00:59:45,"2024-06-15, kalistenika",0,59,45,3585,sporty siłowe,2024,6,06,15,15,June,Czerwiec,30,6,Saturday,Sobota,24,167
167,168,2024-06-16,niedziela,bieganie,01:08:54,"2024-06-16, bieganie",1,8,54,4134,bieganie,2024,6,06,16,16,June,Czerwiec,30,7,Sunday,Niedziela,24,168
168,169,2024-06-17,poniedziałek,piłka nożna,02:00:00,"2024-06-17, piłka nożna",2,0,0,7200,sporty piłkowe,2024,6,06,17,17,June,Czerwiec,30,1,Monday,Poniedziałek,25,169
169,170,2024-06-18,wtorek,bieganie,00:55:23,"2024-06-18, bieganie",0,55,23,3323,bieganie,2024,6,06,18,18,June,Czerwiec,30,2,Tuesday,Wtorek,25,170
170,171,2024-06-19,środa,,00:00:00,,0,0,0,0,,2024,6,06,19,19,June,Czerwiec,30,3,Wednesday,Środa,25,171
171,172,2024-06-20,czwartek,siłownia,01:21:30,"2024-06-20, siłownia",1,21,30,4890,sporty siłowe,2024,6,06,20,20,June,Czerwiec,30,4,Thursday,Czwartek,25,172
172,173,2024-06-21,piątek,bieganie,00:49:14,"2024-06-21, bieganie",0,49,14,2954,bieganie,2024,6,06,21,21,June,Czerwiec,30,5,Friday,Piątek,25,173
173,174,2024-06-22,sobota,rower,01:11:31,"2024-06-22, rower",1,11,31,4291,inne,2024,6,06,22,22,June,Czerwiec,30,6,Saturday,Sobota,25,174
174,175,2024-06-23,niedziela,,00:00:00,,0,0,0,0,,2024,6,06,23,23,June,Czerwiec,30,7,Sunday,Niedziela,25,175
175,176,2024-06-24,poniedziałek,piłka nożna,02:00:00,"2024-06-24, piłka nożna",2,0,0,7200,sporty piłkowe,2024,6,06,24,24,June,Czerwiec,30,1,Monday,Poniedziałek,26,176
176,177,2024-06-25,wtorek,siłownia,01:14:06,"2024-06-25, siłownia",1,14,6,4446,sporty siłowe,2024,6,06,25,25,June,Czerwiec,30,2,Tuesday,Wtorek,26,177
177,178,2024-06-26,środa,bieganie,00:59:34,"2024-06-26, bieganie",0,59,34,3574,bieganie,2024,6,06,26,26,June,Czerwiec,30,3,Wednesday,Środa,26,178
178,179,2024-06-27,czwartek,siatkówka,02:00:00,"2024-06-27, siatkówka",2,0,0,7200,sporty piłkowe,2024,6,06,27,27,June,Czerwiec,30,4,Thursday,Czwartek,26,179
179,180,2024-06-28,piątek,bieganie,01:09:58,"2024-06-28, bieganie",1,9,58,4198,bieganie,2024,6,06,28,28,June,Czerwiec,30,5,Friday,Piątek,26,180
180,181,2024-06-29,sobota,kalistenika,01:02:29,"2024-06-29, kalistenika",1,2,29,3749,sporty siłowe,2024,6,06,29,29,June,Czerwiec,30,6,Saturday,Sobota,26,181
181,182,2024-06-30,niedziela,bieganie,01:56:33,"2024-06-30, bieganie",1,56,33,6993,bieganie,2024,6,06,30,30,June,Czerwiec,30,7,Sunday,Niedziela,26,182
182,183,2024-07-01,poniedziałek,piłka nożna,02:00:00,"2024-07-01, piłka nożna",2,0,0,7200,sporty piłkowe,2024,7,07,1,01,July,Lipiec,31,1,Monday,Poniedziałek,27,183
183,184,2024-07-02,wtorek,bieganie,00:41:22,"2024-07-02, bieganie",0,41,22,2482,bieganie,2024,7,07,2,02,July,Lipiec,31,2,Tuesday,Wtorek,27,184
184,185,2024-07-03,środa,,00:00:00,,0,0,0,0,,2024,7,07,3,03,July,Lipiec,31,3,Wednesday,Środa,27,185
185,186,2024-07-04,czwartek,siłownia,01:24:51,"2024-07-04, siłownia",1,24,51,5091,sporty siłowe,2024,7,07,4,04,July,Lipiec,31,4,Thursday,Czwartek,27,186
186,187,2024-07-05,piątek,,00:00:00,,0,0,0,0,,2024,7,07,5,05,July,Lipiec,31,5,Friday,Piątek,27,187
187,188,2024-07-06,sobota,kalistenika,01:05:12,"2024-07-06, kalistenika",1,5,12,3912,sporty siłowe,2024,7,07,6,06,July,Lipiec,31,6,Saturday,Sobota,27,188
188,189,2024-07-07,niedziela,bieganie,02:16:18,"2024-07-07, bieganie",2,16,18,8178,bieganie,2024,7,07,7,07,July,Lipiec,31,7,Sunday,Niedziela,27,189
189,190,2024-07-08,poniedziałek,,00:00:00,,0,0,0,0,,2024,7,07,8,08,July,Lipiec,31,1,Monday,Poniedziałek,28,190
190,191,2024-07-09,wtorek,siłownia,01:23:24,"2024-07-09, siłownia",1,23,24,5004,sporty siłowe,2024,7,07,9,09,July,Lipiec,31,2,Tuesday,Wtorek,28,191
191,192,2024-07-10,środa,,00:00:00,,0,0,0,0,,2024,7,07,10,10,July,Lipiec,31,3,Wednesday,Środa,28,192
192,193,2024-07-11,czwartek,,00:00:00,,0,0,0,0,,2024,7,07,11,11,July,Lipiec,31,4,Thursday,Czwartek,28,193
193,194,2024-07-12,piątek,,00:00:00,,0,0,0,0,,2024,7,07,12,12,July,Lipiec,31,5,Friday,Piątek,28,194
194,195,2024-07-13,sobota,,00:00:00,,0,0,0,0,,2024,7,07,13,13,July,Lipiec,31,6,Saturday,Sobota,28,195
195,196,2024-07-14,niedziela,kalistenika,00:56:51,"2024-07-14, kalistenika",0,56,51,3411,sporty siłowe,2024,7,07,14,14,July,Lipiec,31,7,Sunday,Niedziela,28,196
196,197,2024-07-15,poniedziałek,,00:00:00,,0,0,0,0,,2024,7,07,15,15,July,Lipiec,31,1,Monday,Poniedziałek,29,197
197,198,2024-07-16,wtorek,siłownia,01:12:54,"2024-07-16, siłownia",1,12,54,4374,sporty siłowe,2024,7,07,16,16,July,Lipiec,31,2,Tuesday,Wtorek,29,198
198,199,2024-07-17,środa,,00:00:00,,0,0,0,0,,2024,7,07,17,17,July,Lipiec,31,3,Wednesday,Środa,29,199
199,200,2024-07-18,czwartek,,00:00:00,,0,0,0,0,,2024,7,07,18,18,July,Lipiec,31,4,Thursday,Czwartek,29,200
200,201,2024-07-19,piątek,,00:00:00,,0,0,0,0,,2024,7,07,19,19,July,Lipiec,31,5,Friday,Piątek,29,201
201,202,2024-07-20,sobota,,00:00:00,,0,0,0,0,,2024,7,07,20,20,July,Lipiec,31,6,Saturday,Sobota,29,202
202,203,2024-07-21,niedziela,,00:00:00,,0,0,0,0,,2024,7,07,21,21,July,Lipiec,31,7,Sunday,Niedziela,29,203
203,204,2024-07-22,poniedziałek,kalistenika,00:56:51,"2024-07-22, kalistenika",0,56,51,3411,sporty siłowe,2024,7,07,22,22,July,Lipiec,31,1,Monday,Poniedziałek,30,204
204,205,2024-07-23,wtorek,bieganie,00:53:53,"2024-07-23, bieganie",0,53,53,3233,bieganie,2024,7,07,23,23,July,Lipiec,31,2,Tuesday,Wtorek,30,205
205,206,2024-07-24,środa,siłownia,01:06:30,"2024-07-24, siłownia",1,6,30,3990,sporty siłowe,2024,7,07,24,24,July,Lipiec,31,3,Wednesday,Środa,30,206
206,207,2024-07-25,czwartek,,00:00:00,,0,0,0,0,,2024,7,07,25,25,July,Lipiec,31,4,Thursday,Czwartek,30,207
207,208,2024-07-26,piątek,,00:00:00,,0,0,0,0,,2024,7,07,26,26,July,Lipiec,31,5,Friday,Piątek,30,208
208,209,2024-07-27,sobota,Runmageddon Ultra,07:53:09,"2024-07-27, Runmageddon Ultra",7,53,9,28389,zawody,2024,7,07,27,27,July,Lipiec,31,6,Saturday,Sobota,30,209
209,210,2024-07-28,niedziela,,00:00:00,,0,0,0,0,,2024,7,07,28,28,July,Lipiec,31,7,Sunday,Niedziela,30,210
210,211,2024-07-29,poniedziałek,,00:00:00,,0,0,0,0,,2024,7,07,29,29,July,Lipiec,31,1,Monday,Poniedziałek,31,211
211,212,2024-07-30,wtorek,piłka nożna,02:00:00,"2024-07-30, piłka nożna",2,0,0,7200,sporty piłkowe,2024,7,07,30,30,July,Lipiec,31,2,Tuesday,Wtorek,31,212
212,213,2024-07-31,środa,siłownia,00:00:00,"2024-07-31, siłownia",0,0,0,0,sporty siłowe,2024,7,07,31,31,July,Lipiec,31,3,Wednesday,Środa,31,213
213,214,2024-08-01,czwartek,,00:00:00,,0,0,0,0,,2024,8,08,1,01,August,Sierpień,31,4,Thursday,Czwartek,31,214
214,215,2024-08-02,piątek,,00:00:00,,0,0,0,0,,2024,8,08,2,02,August,Sierpień,31,5,Friday,Piątek,31,215
215,216,2024-08-03,sobota,,00:00:00,,0,0,0,0,,2024,8,08,3,03,August,Sierpień,31,6,Saturday,Sobota,31,216
216,217,2024-08-04,niedziela,,00:00:00,,0,0,0,0,,2024,8,08,4,04,August,Sierpień,31,7,Sunday,Niedziela,31,217
217,218,2024-08-05,poniedziałek,,00:00:00,,0,0,0,0,,2024,8,08,5,05,August,Sierpień,31,1,Monday,Poniedziałek,32,218
218,219,2024-08-06,wtorek,,00:00:00,,0,0,0,0,,2024,8,08,6,06,August,Sierpień,31,2,Tuesday,Wtorek,32,219
219,220,2024-08-07,środa,,00:00:00,,0,0,0,0,,2024,8,08,7,07,August,Sierpień,31,3,Wednesday,Środa,32,220
220,221,2024-08-08,czwartek,,00:00:00,,0,0,0,0,,2024,8,08,8,08,August,Sierpień,31,4,Thursday,Czwartek,32,221
221,222,2024-08-09,piątek,,00:00:00,,0,0,0,0,,2024,8,08,9,09,August,Sierpień,31,5,Friday,Piątek,32,222
222,223,2024-08-10,sobota,,00:00:00,,0,0,0,0,,2024,8,08,10,10,August,Sierpień,31,6,Saturday,Sobota,32,223
223,224,2024-08-11,niedziela,,00:00:00,,0,0,0,0,,2024,8,08,11,11,August,Sierpień,31,7,Sunday,Niedziela,32,224
224,225,2024-08-12,poniedziałek,,00:00:00,,0,0,0,0,,2024,8,08,12,12,August,Sierpień,31,1,Monday,Poniedziałek,33,225
225,226,2024-08-13,wtorek,,00:00:00,,0,0,0,0,,2024,8,08,13,13,August,Sierpień,31,2,Tuesday,Wtorek,33,226
226,227,2024-08-14,środa,,00:00:00,,0,0,0,0,,2024,8,08,14,14,August,Sierpień,31,3,Wednesday,Środa,33,227
227,228,2024-08-15,czwartek,,00:00:00,,0,0,0,0,,2024,8,08,15,15,August,Sierpień,31,4,Thursday,Czwartek,33,228
228,229,2024-08-16,piątek,,00:00:00,,0,0,0,0,,2024,8,08,16,16,August,Sierpień,31,5,Friday,Piątek,33,229
229,230,2024-08-17,sobota,,00:00:00,,0,0,0,0,,2024,8,08,17,17,August,Sierpień,31,6,Saturday,Sobota,33,230
230,231,2024-08-18,niedziela,,00:00:00,,0,0,0,0,,2024,8,08,18,18,August,Sierpień,31,7,Sunday,Niedziela,33,231
231,232,2024-08-19,poniedziałek,,00:00:00,,0,0,0,0,,2024,8,08,19,19,August,Sierpień,31,1,Monday,Poniedziałek,34,232
232,233,2024-08-20,wtorek,,00:00:00,,0,0,0,0,,2024,8,08,20,20,August,Sierpień,31,2,Tuesday,Wtorek,34,233
233,234,2024-08-21,środa,,00:00:00,,0,0,0,0,,2024,8,08,21,21,August,Sierpień,31,3,Wednesday,Środa,34,234
234,235,2024-08-22,czwartek,,00:00:00,,0,0,0,0,,2024,8,08,22,22,August,Sierpień,31,4,Thursday,Czwartek,34,235
235,236,2024-08-23,piątek,,00:00:00,,0,0,0,0,,2024,8,08,23,23,August,Sierpień,31,5,Friday,Piątek,34,236
236,237,2024-08-24,sobota,,00:00:00,,0,0,0,0,,2024,8,08,24,24,August,Sierpień,31,6,Saturday,Sobota,34,237
237,238,2024-08-25,niedziela,,00:00:00,,0,0,0,0,,2024,8,08,25,25,August,Sierpień,31,7,Sunday,Niedziela,34,238
238,239,2024-08-26,poniedziałek,,00:00:00,,0,0,0,0,,2024,8,08,26,26,August,Sierpień,31,1,Monday,Poniedziałek,35,239
239,240,2024-08-27,wtorek,,00:00:00,,0,0,0,0,,2024,8,08,27,27,August,Sierpień,31,2,Tuesday,Wtorek,35,240
240,241,2024-08-28,środa,,00:00:00,,0,0,0,0,,2024,8,08,28,28,August,Sierpień,31,3,Wednesday,Środa,35,241
241,242,2024-08-29,czwartek,,00:00:00,,0,0,0,0,,2024,8,08,29,29,August,Sierpień,31,4,Thursday,Czwartek,35,242
242,243,2024-08-30,piątek,,00:00:00,,0,0,0,0,,2024,8,08,30,30,August,Sierpień,31,5,Friday,Piątek,35,243
243,244,2024-08-31,sobota,,00:00:00,,0,0,0,0,,2024,8,08,31,31,August,Sierpień,31,6,Saturday,Sobota,35,244
244,245,2024-09-01,niedziela,,00:00:00,,0,0,0,0,,2024,9,09,1,01,September,Wrzesień,30,7,Sunday,Niedziela,35,245
245,246,2024-09-02,poniedziałek,,00:00:00,,0,0,0,0,,2024,9,09,2,02,September,Wrzesień,30,1,Monday,Poniedziałek,36,246
246,247,2024-09-03,wtorek,,00:00:00,,0,0,0,0,,2024,9,09,3,03,September,Wrzesień,30,2,Tuesday,Wtorek,36,247
247,248,2024-09-04,środa,,00:00:00,,0,0,0,0,,2024,9,09,4,04,September,Wrzesień,30,3,Wednesday,Środa,36,248
248,249,2024-09-05,czwartek,,00:00:00,,0,0,0,0,,2024,9,09,5,05,September,Wrzesień,30,4,Thursday,Czwartek,36,249
249,250,2024-09-06,piątek,,00:00:00,,0,0,0,0,,2024,9,09,6,06,September,Wrzesień,30,5,Friday,Piątek,36,250
250,251,2024-09-07,sobota,,00:00:00,,0,0,0,0,,2024,9,09,7,07,September,Wrzesień,30,6,Saturday,Sobota,36,251
251,252,2024-09-08,niedziela,,00:00:00,,0,0,0,0,,2024,9,09,8,08,September,Wrzesień,30,7,Sunday,Niedziela,36,252
252,253,2024-09-09,poniedziałek,,00:00:00,,0,0,0,0,,2024,9,09,9,09,September,Wrzesień,30,1,Monday,Poniedziałek,37,253
253,254,2024-09-10,wtorek,,00:00:00,,0,0,0,0,,2024,9,09,10,10,September,Wrzesień,30,2,Tuesday,Wtorek,37,254
254,255,2024-09-11,środa,,00:00:00,,0,0,0,0,,2024,9,09,11,11,September,Wrzesień,30,3,Wednesday,Środa,37,255
255,256,2024-09-12,czwartek,,00:00:00,,0,0,0,0,,2024,9,09,12,12,September,Wrzesień,30,4,Thursday,Czwartek,37,256
256,257,2024-09-13,piątek,,00:00:00,,0,0,0,0,,2024,9,09,13,13,September,Wrzesień,30,5,Friday,Piątek,37,257
257,258,2024-09-14,sobota,,00:00:00,,0,0,0,0,,2024,9,09,14,14,September,Wrzesień,30,6,Saturday,Sobota,37,258
258,259,2024-09-15,niedziela,,00:00:00,,0,0,0,0,,2024,9,09,15,15,September,Wrzesień,30,7,Sunday,Niedziela,37,259
259,260,2024-09-16,poniedziałek,,00:00:00,,0,0,0,0,,2024,9,09,16,16,September,Wrzesień,30,1,Monday,Poniedziałek,38,260
260,261,2024-09-17,wtorek,,00:00:00,,0,0,0,0,,2024,9,09,17,17,September,Wrzesień,30,2,Tuesday,Wtorek,38,261
261,262,2024-09-18,środa,,00:00:00,,0,0,0,0,,2024,9,09,18,18,September,Wrzesień,30,3,Wednesday,Środa,38,262
262,263,2024-09-19,czwartek,,00:00:00,,0,0,0,0,,2024,9,09,19,19,September,Wrzesień,30,4,Thursday,Czwartek,38,263
263,264,2024-09-20,piątek,,00:00:00,,0,0,0,0,,2024,9,09,20,20,September,Wrzesień,30,5,Friday,Piątek,38,264
264,265,2024-09-21,sobota,,00:00:00,,0,0,0,0,,2024,9,09,21,21,September,Wrzesień,30,6,Saturday,Sobota,38,265
265,266,2024-09-22,niedziela,,00:00:00,,0,0,0,0,,2024,9,09,22,22,September,Wrzesień,30,7,Sunday,Niedziela,38,266
266,267,2024-09-23,poniedziałek,,00:00:00,,0,0,0,0,,2024,9,09,23,23,September,Wrzesień,30,1,Monday,Poniedziałek,39,267
267,268,2024-09-24,wtorek,,00:00:00,,0,0,0,0,,2024,9,09,24,24,September,Wrzesień,30,2,Tuesday,Wtorek,39,268
268,269,2024-09-25,środa,,00:00:00,,0,0,0,0,,2024,9,09,25,25,September,Wrzesień,30,3,Wednesday,Środa,39,269
269,270,2024-09-26,czwartek,,00:00:00,,0,0,0,0,,2024,9,09,26,26,September,Wrzesień,30,4,Thursday,Czwartek,39,270
270,271,2024-09-27,piątek,,00:00:00,,0,0,0,0,,2024,9,09,27,27,September,Wrzesień,30,5,Friday,Piątek,39,271
271,272,2024-09-28,sobota,,00:00:00,,0,0,0,0,,2024,9,09,28,28,September,Wrzesień,30,6,Saturday,Sobota,39,272
272,273,2024-09-29,niedziela,,00:00:00,,0,0,0,0,,2024,9,09,29,29,September,Wrzesień,30,7,Sunday,Niedziela,39,273
273,274,2024-09-30,poniedziałek,,00:00:00,,0,0,0,0,,2024,9,09,30,30,September,Wrzesień,30,1,Monday,Poniedziałek,40,274
274,275,2024-10-01,wtorek,,00:00:00,,0,0,0,0,,2024,10,10,1,01,October,Październik,31,2,Tuesday,Wtorek,40,275
275,276,2024-10-02,środa,,00:00:00,,0,0,0,0,,2024,10,10,2,02,October,Październik,31,3,Wednesday,Środa,40,276
276,277,2024-10-03,czwartek,,00:00:00,,0,0,0,0,,2024,10,10,3,03,October,Październik,31,4,Thursday,Czwartek,40,277
277,278,2024-10-04,piątek,,00:00:00,,0,0,0,0,,2024,10,10,4,04,October,Październik,31,5,Friday,Piątek,40,278
278,279,2024-10-05,sobota,,00:00:00,,0,0,0,0,,2024,10,10,5,05,October,Październik,31,6,Saturday,Sobota,40,279
279,280,2024-10-06,niedziela,,00:00:00,,0,0,0,0,,2024,10,10,6,06,October,Październik,31,7,Sunday,Niedziela,40,280
280,281,2024-10-07,poniedziałek,,00:00:00,,0,0,0,0,,2024,10,10,7,07,October,Październik,31,1,Monday,Poniedziałek,41,281
281,282,2024-10-08,wtorek,,00:00:00,,0,0,0,0,,2024,10,10,8,08,October,Październik,31,2,Tuesday,Wtorek,41,282
282,283,2024-10-09,środa,,00:00:00,,0,0,0,0,,2024,10,10,9,09,October,Październik,31,3,Wednesday,Środa,41,283
283,284,2024-10-10,czwartek,,00:00:00,,0,0,0,0,,2024,10,10,10,10,October,Październik,31,4,Thursday,Czwartek,41,284
284,285,2024-10-11,piątek,,00:00:00,,0,0,0,0,,2024,10,10,11,11,October,Październik,31,5,Friday,Piątek,41,285
285,286,2024-10-12,sobota,,00:00:00,,0,0,0,0,,2024,10,10,12,12,October,Październik,31,6,Saturday,Sobota,41,286
286,287,2024-10-13,niedziela,,00:00:00,,0,0,0,0,,2024,10,10,13,13,October,Październik,31,7,Sunday,Niedziela,41,287
287,288,2024-10-14,poniedziałek,,00:00:00,,0,0,0,0,,2024,10,10,14,14,October,Październik,31,1,Monday,Poniedziałek,42,288
288,289,2024-10-15,wtorek,,00:00:00,,0,0,0,0,,2024,10,10,15,15,October,Październik,31,2,Tuesday,Wtorek,42,289
289,290,2024-10-16,środa,,00:00:00,,0,0,0,0,,2024,10,10,16,16,October,Październik,31,3,Wednesday,Środa,42,290
290,291,2024-10-17,czwartek,,00:00:00,,0,0,0,0,,2024,10,10,17,17,October,Październik,31,4,Thursday,Czwartek,42,291
291,292,2024-10-18,piątek,,00:00:00,,0,0,0,0,,2024,10,10,18,18,October,Październik,31,5,Friday,Piątek,42,292
292,293,2024-10-19,sobota,,00:00:00,,0,0,0,0,,2024,10,10,19,19,October,Październik,31,6,Saturday,Sobota,42,293
293,294,2024-10-20,niedziela,,00:00:00,,0,0,0,0,,2024,10,10,20,20,October,Październik,31,7,Sunday,Niedziela,42,294
294,295,2024-10-21,poniedziałek,,00:00:00,,0,0,0,0,,2024,10,10,21,21,October,Październik,31,1,Monday,Poniedziałek,43,295
295,296,2024-10-22,wtorek,,00:00:00,,0,0,0,0,,2024,10,10,22,22,October,Październik,31,2,Tuesday,Wtorek,43,296
296,297,2024-10-23,środa,,00:00:00,,0,0,0,0,,2024,10,10,23,23,October,Październik,31,3,Wednesday,Środa,43,297
297,298,2024-10-24,czwartek,,00:00:00,,0,0,0,0,,2024,10,10,24,24,October,Październik,31,4,Thursday,Czwartek,43,298
298,299,2024-10-25,piątek,,00:00:00,,0,0,0,0,,2024,10,10,25,25,October,Październik,31,5,Friday,Piątek,43,299
299,300,2024-10-26,sobota,,00:00:00,,0,0,0,0,,2024,10,10,26,26,October,Październik,31,6,Saturday,Sobota,43,300
300,301,2024-10-27,niedziela,,00:00:00,,0,0,0,0,,2024,10,10,27,27,October,Październik,31,7,Sunday,Niedziela,43,301
301,302,2024-10-28,poniedziałek,,00:00:00,,0,0,0,0,,2024,10,10,28,28,October,Październik,31,1,Monday,Poniedziałek,44,302
302,303,2024-10-29,wtorek,,00:00:00,,0,0,0,0,,2024,10,10,29,29,October,Październik,31,2,Tuesday,Wtorek,44,303
303,304,2024-10-30,środa,,00:00:00,,0,0,0,0,,2024,10,10,30,30,October,Październik,31,3,Wednesday,Środa,44,304
304,305,2024-10-31,czwartek,,00:00:00,,0,0,0,0,,2024,10,10,31,31,October,Październik,31,4,Thursday,Czwartek,44,305
305,306,2024-11-01,piątek,,00:00:00,,0,0,0,0,,2024,11,11,1,01,November,Listopad,30,5,Friday,Piątek,44,306
306,307,2024-11-02,sobota,,00:00:00,,0,0,0,0,,2024,11,11,2,02,November,Listopad,30,6,Saturday,Sobota,44,307
307,308,2024-11-03,niedziela,,00:00:00,,0,0,0,0,,2024,11,11,3,03,November,Listopad,30,7,Sunday,Niedziela,44,308
308,309,2024-11-04,poniedziałek,,00:00:00,,0,0,0,0,,2024,11,11,4,04,November,Listopad,30,1,Monday,Poniedziałek,45,309
309,310,2024-11-05,wtorek,,00:00:00,,0,0,0,0,,2024,11,11,5,05,November,Listopad,30,2,Tuesday,Wtorek,45,310
310,311,2024-11-06,środa,,00:00:00,,0,0,0,0,,2024,11,11,6,06,November,Listopad,30,3,Wednesday,Środa,45,311
311,312,2024-11-07,czwartek,,00:00:00,,0,0,0,0,,2024,11,11,7,07,November,Listopad,30,4,Thursday,Czwartek,45,312
312,313,2024-11-08,piątek,,00:00:00,,0,0,0,0,,2024,11,11,8,08,November,Listopad,30,5,Friday,Piątek,45,313
313,314,2024-11-09,sobota,,00:00:00,,0,0,0,0,,2024,11,11,9,09,November,Listopad,30,6,Saturday,Sobota,45,314
314,315,2024-11-10,niedziela,,00:00:00,,0,0,0,0,,2024,11,11,10,10,November,Listopad,30,7,Sunday,Niedziela,45,315
315,316,2024-11-11,poniedziałek,,00:00:00,,0,0,0,0,,2024,11,11,11,11,November,Listopad,30,1,Monday,Poniedziałek,46,316
316,317,2024-11-12,wtorek,,00:00:00,,0,0,0,0,,2024,11,11,12,12,November,Listopad,30,2,Tuesday,Wtorek,46,317
317,318,2024-11-13,środa,,00:00:00,,0,0,0,0,,2024,11,11,13,13,November,Listopad,30,3,Wednesday,Środa,46,318
318,319,2024-11-14,czwartek,,00:00:00,,0,0,0,0,,2024,11,11,14,14,November,Listopad,30,4,Thursday,Czwartek,46,319
319,320,2024-11-15,piątek,,00:00:00,,0,0,0,0,,2024,11,11,15,15,November,Listopad,30,5,Friday,Piątek,46,320
320,321,2024-11-16,sobota,,00:00:00,,0,0,0,0,,2024,11,11,16,16,November,Listopad,30,6,Saturday,Sobota,46,321
321,322,2024-11-17,niedziela,,00:00:00,,0,0,0,0,,2024,11,11,17,17,November,Listopad,30,7,Sunday,Niedziela,46,322
322,323,2024-11-18,poniedziałek,,00:00:00,,0,0,0,0,,2024,11,11,18,18,November,Listopad,30,1,Monday,Poniedziałek,47,323
323,324,2024-11-19,wtorek,,00:00:00,,0,0,0,0,,2024,11,11,19,19,November,Listopad,30,2,Tuesday,Wtorek,47,324
324,325,2024-11-20,środa,,00:00:00,,0,0,0,0,,2024,11,11,20,20,November,Listopad,30,3,Wednesday,Środa,47,325
325,326,2024-11-21,czwartek,,00:00:00,,0,0,0,0,,2024,11,11,21,21,November,Listopad,30,4,Thursday,Czwartek,47,326
326,327,2024-11-22,piątek,,00:00:00,,0,0,0,0,,2024,11,11,22,22,November,Listopad,30,5,Friday,Piątek,47,327
327,328,2024-11-23,sobota,,00:00:00,,0,0,0,0,,2024,11,11,23,23,November,Listopad,30,6,Saturday,Sobota,47,328
328,329,2024-11-24,niedziela,,00:00:00,,0,0,0,0,,2024,11,11,24,24,November,Listopad,30,7,Sunday,Niedziela,47,329
329,330,2024-11-25,poniedziałek,,00:00:00,,0,0,0,0,,2024,11,11,25,25,November,Listopad,30,1,Monday,Poniedziałek,48,330
330,331,2024-11-26,wtorek,,00:00:00,,0,0,0,0,,2024,11,11,26,26,November,Listopad,30,2,Tuesday,Wtorek,48,331
331,332,2024-11-27,środa,,00:00:00,,0,0,0,0,,2024,11,11,27,27,November,Listopad,30,3,Wednesday,Środa,48,332
332,333,2024-11-28,czwartek,,00:00:00,,0,0,0,0,,2024,11,11,28,28,November,Listopad,30,4,Thursday,Czwartek,48,333
333,334,2024-11-29,piątek,,00:00:00,,0,0,0,0,,2024,11,11,29,29,November,Listopad,30,5,Friday,Piątek,48,334
334,335,2024-11-30,sobota,,00:00:00,,0,0,0,0,,2024,11,11,30,30,November,Listopad,30,6,Saturday,Sobota,48,335
335,336,2024-12-01,niedziela,,00:00:00,,0,0,0,0,,2024,12,12,1,01,December,Grudzień,31,7,Sunday,Niedziela,48,336
336,337,2024-12-02,poniedziałek,,00:00:00,,0,0,0,0,,2024,12,12,2,02,December,Grudzień,31,1,Monday,Poniedziałek,49,337
337,338,2024-12-03,wtorek,,00:00:00,,0,0,0,0,,2024,12,12,3,03,December,Grudzień,31,2,Tuesday,Wtorek,49,338
338,339,2024-12-04,środa,,00:00:00,,0,0,0,0,,2024,12,12,4,04,December,Grudzień,31,3,Wednesday,Środa,49,339
339,340,2024-12-05,czwartek,,00:00:00,,0,0,0,0,,2024,12,12,5,05,December,Grudzień,31,4,Thursday,Czwartek,49,340
340,341,2024-12-06,piątek,,00:00:00,,0,0,0,0,,2024,12,12,6,06,December,Grudzień,31,5,Friday,Piątek,49,341
341,342,2024-12-07,sobota,,00:00:00,,0,0,0,0,,2024,12,12,7,07,December,Grudzień,31,6,Saturday,Sobota,49,342
342,343,2024-12-08,niedziela,,00:00:00,,0,0,0,0,,2024,12,12,8,08,December,Grudzień,31,7,Sunday,Niedziela,49,343
343,344,2024-12-09,poniedziałek,,00:00:00,,0,0,0,0,,2024,12,12,9,09,December,Grudzień,31,1,Monday,Poniedziałek,50,344
344,345,2024-12-10,wtorek,,00:00:00,,0,0,0,0,,2024,12,12,10,10,December,Grudzień,31,2,Tuesday,Wtorek,50,345
345,346,2024-12-11,środa,,00:00:00,,0,0,0,0,,2024,12,12,11,11,December,Grudzień,31,3,Wednesday,Środa,50,346
346,347,2024-12-12,czwartek,,00:00:00,,0,0,0,0,,2024,12,12,12,12,December,Grudzień,31,4,Thursday,Czwartek,50,347
347,348,2024-12-13,piątek,,00:00:00,,0,0,0,0,,2024,12,12,13,13,December,Grudzień,31,5,Friday,Piątek,50,348
348,349,2024-12-14,sobota,,00:00:00,,0,0,0,0,,2024,12,12,14,14,December,Grudzień,31,6,Saturday,Sobota,50,349
349,350,2024-12-15,niedziela,,00:00:00,,0,0,0,0,,2024,12,12,15,15,December,Grudzień,31,7,Sunday,Niedziela,50,350
350,351,2024-12-16,poniedziałek,,00:00:00,,0,0,0,0,,2024,12,12,16,16,December,Grudzień,31,1,Monday,Poniedziałek,51,351
351,352,2024-12-17,wtorek,,00:00:00,,0,0,0,0,,2024,12,12,17,17,December,Grudzień,31,2,Tuesday,Wtorek,51,352
352,353,2024-12-18,środa,,00:00:00,,0,0,0,0,,2024,12,12,18,18,December,Grudzień,31,3,Wednesday,Środa,51,353
353,354,2024-12-19,czwartek,,00:00:00,,0,0,0,0,,2024,12,12,19,19,December,Grudzień,31,4,Thursday,Czwartek,51,354
354,355,2024-12-20,piątek,,00:00:00,,0,0,0,0,,2024,12,12,20,20,December,Grudzień,31,5,Friday,Piątek,51,355
355,356,2024-12-21,sobota,,00:00:00,,0,0,0,0,,2024,12,12,21,21,December,Grudzień,31,6,Saturday,Sobota,51,356
356,357,2024-12-22,niedziela,,00:00:00,,0,0,0,0,,2024,12,12,22,22,December,Grudzień,31,7,Sunday,Niedziela,51,357
357,358,2024-12-23,poniedziałek,,00:00:00,,0,0,0,0,,2024,12,12,23,23,December,Grudzień,31,1,Monday,Poniedziałek,52,358
358,359,2024-12-24,wtorek,,00:00:00,,0,0,0,0,,2024,12,12,24,24,December,Grudzień,31,2,Tuesday,Wtorek,52,359
359,360,2024-12-25,środa,,00:00:00,,0,0,0,0,,2024,12,12,25,25,December,Grudzień,31,3,Wednesday,Środa,52,360
360,361,2024-12-26,czwartek,,00:00:00,,0,0,0,0,,2024,12,12,26,26,December,Grudzień,31,4,Thursday,Czwartek,52,361
361,362,2024-12-27,piątek,,00:00:00,,0,0,0,0,,2024,12,12,27,27,December,Grudzień,31,5,Friday,Piątek,52,362
362,363,2024-12-28,sobota,,00:00:00,,0,0,0,0,,2024,12,12,28,28,December,Grudzień,31,6,Saturday,Sobota,52,363
363,364,2024-12-29,niedziela,,00:00:00,,0,0,0,0,,2024,12,12,29,29,December,Grudzień,31,7,Sunday,Niedziela,52,364
