,index,date,sport,exercise,details,comments,distance_km,run_hours,run_minutes,run_seconds,run_total_seconds,details_fixed,reps_sum,weight,weights_lifted,muscle1,muscle2,description
0,1,2024-01-02,siłownia,wyciskanie na ławce płaskiej,80kg x3 x3 x3; 70kg x8 x8,,0.0,0.0,0.0,0.0,0.0,80kg 1x3 1x3 1x3,9,80.0,720.0,klatka,triceps,
1,1,2024-01-02,siłownia,wyciskanie na ławce płaskiej,80kg x3 x3 x3; 70kg x8 x8,,0.0,0.0,0.0,0.0,0.0, 70kg 1x8 1x8,16,70.0,1120.0,klatka,triceps,
2,1,2024-01-02,siłownia,podciąganie podchwytem,10kg x4 x4 x3 x3,,0.0,0.0,0.0,0.0,0.0,10kg 1x4 1x4 1x3 1x3,14,10.0,140.0,plecy,biceps,
3,1,2024-01-02,siłownia,martwy + ohp,30kg x8 x8 x8,,0.0,0.0,0.0,0.0,0.0,30kg 1x8 1x8 1x8,24,30.0,720.0,barki,nogi,"martwy ciąg, podrzucenie sztangi i przejście do OHP"
4,1,2024-01-02,siłownia,modlitewnik sztanga,10kg x8 x8 x8,,0.0,0.0,0.0,0.0,0.0,10kg 1x8 1x8 1x8,24,10.0,240.0,biceps,,
5,1,2024-01-02,siłownia,triceps wyciąg,x8 x8 x8,,0.0,0.0,0.0,0.0,0.0,1x8 1x8 1x8,24,0.0,0.0,triceps,,"wyciąg górny, dowolny uchwyt"
6,1,2024-01-02,siłownia,barki bokiem,9kg x8 x8 x8,,0.0,0.0,0.0,0.0,0.0,9kg 1x8 1x8 1x8,24,9.0,216.0,barki,,
7,2,2024-01-03,bieganie,dystans,6,,6.0,0.0,0.0,0.0,0.0,,0,0.0,0.0,bieganie,,
8,2,2024-01-03,bieganie,czas,00:30:39,,0.0,0.0,30.0,39.0,1839.0,,0,0.0,0.0,bieganie,,
9,2,2024-01-03,bieganie,tempo,5'05,,0.0,0.0,0.0,0.0,0.0,,0,0.0,0.0,bieganie,,
10,3,2024-01-07,bieganie,dystans,7,,7.0,0.0,0.0,0.0,0.0,,0,0.0,0.0,bieganie,,
11,3,2024-01-07,bieganie,czas,00:39:28,,0.0,0.0,39.0,28.0,2368.0,,0,0.0,0.0,bieganie,,
12,3,2024-01-07,bieganie,tempo,5'38,,0.0,0.0,0.0,0.0,0.0,,0,0.0,0.0,bieganie,,
13,4,2024-01-08,kalistenika,podciąganie nachwytem,x5 x5 x5 x5,,0.0,0.0,0.0,0.0,0.0,1x5 1x5 1x5 1x5,20,0.0,0.0,plecy,,
14,4,2024-01-08,kalistenika,muscle up z guma,z najgrubszą gumą; x1 bokiem + x1 próba prost; x2 próby bokiem; x1 bokiem + x1 próba prosto; x1 próba prosto + x1 bokiem,,0.0,0.0,0.0,0.0,0.0,z najgrubszą gumą,0,0.0,0.0,plecy,triceps,
15,4,2024-01-08,kalistenika,muscle up z guma,z najgrubszą gumą; x1 bokiem + x1 próba prost; x2 próby bokiem; x1 bokiem + x1 próba prosto; x1 próba prosto + x1 bokiem,,0.0,0.0,0.0,0.0,0.0, 1x1 bokiem + 1x1 próba prost,2,0.0,0.0,plecy,triceps,
16,4,2024-01-08,kalistenika,muscle up z guma,z najgrubszą gumą; x1 bokiem + x1 próba prost; x2 próby bokiem; x1 bokiem + x1 próba prosto; x1 próba prosto + x1 bokiem,,0.0,0.0,0.0,0.0,0.0, 1x2 próby bokiem,2,0.0,0.0,plecy,triceps,
17,4,2024-01-08,kalistenika,muscle up z guma,z najgrubszą gumą; x1 bokiem + x1 próba prost; x2 próby bokiem; x1 bokiem + x1 próba prosto; x1 próba prosto + x1 bokiem,,0.0,0.0,0.0,0.0,0.0, 1x1 bokiem + 1x1 próba prosto,2,0.0,0.0,plecy,triceps,
18,4,2024-01-08,kalistenika,muscle up z guma,z najgrubszą gumą; x1 bokiem + x1 próba prost; x2 próby bokiem; x1 bokiem + x1 próba prosto; x1 próba prosto + x1 bokiem,,0.0,0.0,0.0,0.0,0.0, 1x1 próba prosto + 1x1 bokiem,2,0.0,0.0,plecy,triceps,
19,4,2024-01-08,kalistenika,dipy,x6 x6 x6 x6,,0.0,0.0,0.0,0.0,0.0,1x6 1x6 1x6 1x6,24,0.0,0.0,triceps,klatka,
20,4,2024-01-08,kalistenika,stanie na rękach,4x20s,,0.0,0.0,0.0,0.0,0.0,,0,0.0,0.0,barki,,na czas
21,4,2024-01-08,kalistenika,pompki,na uchytach; 4x10,,0.0,0.0,0.0,0.0,0.0,na uchytach,0,0.0,0.0,klatka,triceps,
22,4,2024-01-08,kalistenika,pompki,na uchytach; 4x10,,0.0,0.0,0.0,0.0,0.0, 4x10,40,0.0,0.0,klatka,triceps,
23,4,2024-01-08,kalistenika,podciąganie podchwytem,4x5,,0.0,0.0,0.0,0.0,0.0,4x5,20,0.0,0.0,plecy,biceps,
24,5,2024-01-09,bieganie,dystans,8,,8.0,0.0,0.0,0.0,0.0,,0,0.0,0.0,bieganie,,
25,5,2024-01-09,bieganie,czas,00:40:30,,0.0,0.0,40.0,30.0,2430.0,,0,0.0,0.0,bieganie,,
26,5,2024-01-09,bieganie,tempo,5'03,,0.0,0.0,0.0,0.0,0.0,,0,0.0,0.0,bieganie,,
27,6,2024-02-11,siłownia,wyciskanie na ławce płaskiej,80kg x4 x4 x4; 70kg x8 x8,,0.0,0.0,0.0,0.0,0.0,80kg 1x4 1x4 1x4,12,80.0,960.0,klatka,triceps,
28,6,2024-02-11,siłownia,wyciskanie na ławce płaskiej,80kg x4 x4 x4; 70kg x8 x8,,0.0,0.0,0.0,0.0,0.0, 70kg 1x8 1x8,16,70.0,1120.0,klatka,triceps,
29,6,2024-02-11,siłownia,martwy ciąg,60kg x5 x5 x5 x5,s,0.0,0.0,0.0,0.0,0.0,60kg 1x5 1x5 1x5 1x5,20,60.0,1200.0,nogi,,
30,6,2024-02-11,siłownia,podciąganie nachwytem,x5 x5 x5 x5,s,0.0,0.0,0.0,0.0,0.0,1x5 1x5 1x5 1x5,20,0.0,0.0,plecy,,
31,6,2024-02-11,siłownia,modlitewnik sztanga,12.5kg x8 x8 x8,,0.0,0.0,0.0,0.0,0.0,12.5kg 1x8 1x8 1x8,24,12.5,300.0,biceps,,
32,6,2024-02-11,siłownia,wyciskanie hantli nad głowę,15kg x12 x12 x12,,0.0,0.0,0.0,0.0,0.0,15kg 1x12 1x12 1x12,36,15.0,540.0,barki,,
33,6,2024-02-11,siłownia,triceps wyciąg,x8 x8 x8,,0.0,0.0,0.0,0.0,0.0,1x8 1x8 1x8,24,0.0,0.0,triceps,,"wyciąg górny, dowolny uchwyt"
34,6,2024-02-11,siłownia,zwis,40s,,0.0,0.0,0.0,0.0,0.0,,0,0.0,0.0,chwyt,przedramie,na czas
35,7,2024-01-12,bieganie,dystans,8,,8.0,0.0,0.0,0.0,0.0,,0,0.0,0.0,bieganie,,
36,7,2024-01-12,bieganie,czas,00:39:43,,0.0,0.0,39.0,43.0,2383.0,,0,0.0,0.0,bieganie,,
37,7,2024-01-12,bieganie,tempo,4'58,,0.0,0.0,0.0,0.0,0.0,,0,0.0,0.0,bieganie,,
38,8,2024-01-14,bieganie,dystans,6,,6.0,0.0,0.0,0.0,0.0,,0,0.0,0.0,bieganie,,
39,8,2024-01-14,bieganie,czas,00:30:26,,0.0,0.0,30.0,26.0,1826.0,,0,0.0,0.0,bieganie,,
40,8,2024-01-14,bieganie,tempo,5'04,,0.0,0.0,0.0,0.0,0.0,,0,0.0,0.0,bieganie,,
41,9,2024-01-16,kalistenika,podciąganie nachwytem,x4 x4,,0.0,0.0,0.0,0.0,0.0,1x4 1x4,8,0.0,0.0,plecy,,
42,9,2024-01-16,kalistenika,muscle up z guma,z najgrubszą gumą; x2 próby bokiem; x1 bokiem + x1 próba bokiem; x2 próby bokiem; x2 próby bokiem,,0.0,0.0,0.0,0.0,0.0,z najgrubszą gumą,0,0.0,0.0,plecy,triceps,
43,9,2024-01-16,kalistenika,muscle up z guma,z najgrubszą gumą; x2 próby bokiem; x1 bokiem + x1 próba bokiem; x2 próby bokiem; x2 próby bokiem,,0.0,0.0,0.0,0.0,0.0, 1x2 próby bokiem,2,0.0,0.0,plecy,triceps,
44,9,2024-01-16,kalistenika,muscle up z guma,z najgrubszą gumą; x2 próby bokiem; x1 bokiem + x1 próba bokiem; x2 próby bokiem; x2 próby bokiem,,0.0,0.0,0.0,0.0,0.0, 1x1 bokiem + 1x1 próba bokiem,2,0.0,0.0,plecy,triceps,
45,9,2024-01-16,kalistenika,muscle up z guma,z najgrubszą gumą; x2 próby bokiem; x1 bokiem + x1 próba bokiem; x2 próby bokiem; x2 próby bokiem,,0.0,0.0,0.0,0.0,0.0, 1x2 próby bokiem,2,0.0,0.0,plecy,triceps,
46,9,2024-01-16,kalistenika,muscle up z guma,z najgrubszą gumą; x2 próby bokiem; x1 bokiem + x1 próba bokiem; x2 próby bokiem; x2 próby bokiem,,0.0,0.0,0.0,0.0,0.0, 1x2 próby bokiem,2,0.0,0.0,plecy,triceps,
47,9,2024-01-16,kalistenika,dipy,4x7,,0.0,0.0,0.0,0.0,0.0,4x7,28,0.0,0.0,triceps,klatka,
48,9,2024-01-16,kalistenika,podciąganie podchwytem,3x7,s1,0.0,0.0,0.0,0.0,0.0,3x7,21,0.0,0.0,plecy,biceps,
49,9,2024-01-16,kalistenika,pompki,3x11,s1,0.0,0.0,0.0,0.0,0.0,3x11,33,0.0,0.0,klatka,triceps,
50,9,2024-01-16,kalistenika,przysiady z wyskokiem,3x8,s1,0.0,0.0,0.0,0.0,0.0,3x8,24,0.0,0.0,nogi,,
51,9,2024-01-16,kalistenika,podciąganie nachwytem,3x4,s2,0.0,0.0,0.0,0.0,0.0,3x4,12,0.0,0.0,plecy,,
52,9,2024-01-16,kalistenika,pompki pike,3x7,s2,0.0,0.0,0.0,0.0,0.0,3x7,21,0.0,0.0,barki,,
53,9,2024-01-16,kalistenika,wykroki,3x14,s2,0.0,0.0,0.0,0.0,0.0,3x14,42,0.0,0.0,nogi,,
54,9,2024-01-16,kalistenika,wzniosy nóg,3x8,s3,0.0,0.0,0.0,0.0,0.0,3x8,24,0.0,0.0,brzuch,chwyt,
55,9,2024-01-16,kalistenika,diamenty,3x7,s3,0.0,0.0,0.0,0.0,0.0,3x7,21,0.0,0.0,triceps,klatka,
56,9,2024-01-16,kalistenika,hip trusty na ziemi,najcięższy worek 3x10,s3,0.0,0.0,0.0,0.0,0.0,najcięższy worek 3x10,30,0.0,0.0,dupa,,
57,9,2024-01-16,kalistenika,zwis,6x15/20,,0.0,0.0,0.0,0.0,0.0,,0,0.0,0.0,chwyt,przedramie,na czas
58,10,2024-01-18,bieganie,dystans,10,,10.0,0.0,0.0,0.0,0.0,,0,0.0,0.0,bieganie,,
59,10,2024-01-18,bieganie,tempo,5'15,,0.0,0.0,0.0,0.0,0.0,,0,0.0,0.0,bieganie,,
60,10,2024-01-18,bieganie,czas,00:52:38,,0.0,0.0,52.0,38.0,3158.0,,0,0.0,0.0,bieganie,,
61,11,2024-01-20,kalistenika,podciąganie nachwytem kółka,x5 x5 x5 x5,,0.0,0.0,0.0,0.0,0.0,1x5 1x5 1x5 1x5,20,0.0,0.0,plecy,,
62,11,2024-01-20,kalistenika,dipy kólka,x3 x3 x3 x2,,0.0,0.0,0.0,0.0,0.0,1x3 1x3 1x3 1x2,11,0.0,0.0,triceps,klatka,
63,11,2024-01-20,kalistenika,podciąganie podchwytem,x4 x4 x4 x4,,0.0,0.0,0.0,0.0,0.0,1x4 1x4 1x4 1x4,16,0.0,0.0,plecy,biceps,
64,11,2024-01-20,kalistenika,pompki pike kólka,x8 x8 x8 x8,,0.0,0.0,0.0,0.0,0.0,1x8 1x8 1x8 1x8,32,0.0,0.0,barki,,
65,11,2024-01-20,kalistenika,podciąganie australijskie nachwytem kółka,x7 x7 x7 x7,,0.0,0.0,0.0,0.0,0.0,1x7 1x7 1x7 1x7,28,0.0,0.0,plecy,,
66,11,2024-01-20,kalistenika,pompki kółka,x5 x5 x7,,0.0,0.0,0.0,0.0,0.0,1x5 1x5 1x7,17,0.0,0.0,klatka,triceps,
67,11,2024-01-20,kalistenika,triceps guma,x12 x12 x12,,0.0,0.0,0.0,0.0,0.0,1x12 1x12 1x12,36,0.0,0.0,triceps,,jak wyciąg górny
68,11,2024-01-20,kalistenika,biceps guma,x12 x12 x12,,0.0,0.0,0.0,0.0,0.0,1x12 1x12 1x12,36,0.0,0.0,biceps,,uginanie bicepsu stojąc na gumie
69,11,2024-01-20,kalistenika,stanie na rękach,15s 15s 15s,,0.0,0.0,0.0,0.0,0.0,,0,0.0,0.0,barki,,na czas
70,11,2024-01-20,kalistenika,zwis,6x17/20,,0.0,0.0,0.0,0.0,0.0,,0,0.0,0.0,chwyt,przedramie,na czas
71,12,2024-01-23,bieganie,dystans,11,,11.0,0.0,0.0,0.0,0.0,,0,0.0,0.0,bieganie,,
72,12,2024-01-23,bieganie,tempo,5'10,,0.0,0.0,0.0,0.0,0.0,,0,0.0,0.0,bieganie,,
73,12,2024-01-23,bieganie,czas,00:56:51,,0.0,0.0,56.0,51.0,3411.0,,0,0.0,0.0,bieganie,,
74,13,2024-01-24,siłownia,wyciskanie na ławce płaskiej,80kg x5 x4 x4; 70kg x9 x7,,0.0,0.0,0.0,0.0,0.0,80kg 1x5 1x4 1x4,13,80.0,1040.0,klatka,triceps,
75,13,2024-01-24,siłownia,wyciskanie na ławce płaskiej,80kg x5 x4 x4; 70kg x9 x7,,0.0,0.0,0.0,0.0,0.0, 70kg 1x9 1x7,16,70.0,1120.0,klatka,triceps,
76,13,2024-01-24,siłownia,modlitewnik sztanga,10kg x10 x10 x10 x10,,0.0,0.0,0.0,0.0,0.0,10kg 1x10 1x10 1x10 1x10,40,10.0,400.0,biceps,,
77,13,2024-01-24,siłownia,wyciąg górny do klatki,50kg x10 x10 x10 x10,,0.0,0.0,0.0,0.0,0.0,50kg 1x10 1x10 1x10 1x10,40,50.0,2000.0,plecy,,
78,13,2024-01-24,siłownia,wyciskanie francuskie 2 hantlami,10kg x10 x10 x10 x10,,0.0,0.0,0.0,0.0,0.0,10kg 1x10 1x10 1x10 1x10,40,10.0,400.0,triceps,,
79,13,2024-01-24,siłownia,wyciskanie hantli nad głowę,20kg x8 x8 x8 x8,,0.0,0.0,0.0,0.0,0.0,20kg 1x8 1x8 1x8 1x8,32,20.0,640.0,barki,,
80,13,2024-01-24,siłownia,wiosłowanie sztanga,40kg x8 x8 x8 x8,,0.0,0.0,0.0,0.0,0.0,40kg 1x8 1x8 1x8 1x8,32,40.0,1280.0,plecy,,
81,13,2024-01-24,siłownia,zwis,6x19/20,,0.0,0.0,0.0,0.0,0.0,,0,0.0,0.0,chwyt,przedramie,na czas
82,14,2024-01-25,bieganie,dystans,8,,8.0,0.0,0.0,0.0,0.0,,0,0.0,0.0,bieganie,,
83,14,2024-01-25,bieganie,tempo,4'52,,0.0,0.0,0.0,0.0,0.0,,0,0.0,0.0,bieganie,,
84,14,2024-01-25,bieganie,czas,00:39:02,,0.0,0.0,39.0,2.0,2342.0,,0,0.0,0.0,bieganie,,
85,15,2024-01-26,kalistenika,podciąganie nachwytem,x5 x5 10kg x3 x2,,0.0,0.0,0.0,0.0,0.0,1x5 1x5 10kg 1x3 1x2,15,10.0,150.0,plecy,,
86,15,2024-01-26,kalistenika,dipy,x8 x8 x8 x8,,0.0,0.0,0.0,0.0,0.0,1x8 1x8 1x8 1x8,32,0.0,0.0,triceps,klatka,
87,15,2024-01-26,kalistenika,podciąganie podchwytem,x6 x6 x6 x6,,0.0,0.0,0.0,0.0,0.0,1x6 1x6 1x6 1x6,24,0.0,0.0,plecy,biceps,
88,15,2024-01-26,kalistenika,pompki pike na skrzyni,x8 x8 x8 x8,,0.0,0.0,0.0,0.0,0.0,1x8 1x8 1x8 1x8,32,0.0,0.0,barki,,
89,15,2024-01-26,kalistenika,wzniosy nóg,x9 x9 x9,,0.0,0.0,0.0,0.0,0.0,1x9 1x9 1x9,27,0.0,0.0,brzuch,chwyt,
90,15,2024-01-26,kalistenika,pompki,x10 x10 x10,,0.0,0.0,0.0,0.0,0.0,1x10 1x10 1x10,30,0.0,0.0,klatka,triceps,
91,15,2024-01-26,kalistenika,hip trusty na ziemi,najciezszy worek 3x11,s,0.0,0.0,0.0,0.0,0.0,najciezszy worek 3x11,33,0.0,0.0,dupa,,
92,15,2024-01-26,kalistenika,diamenty,x5 x5 x5,s,0.0,0.0,0.0,0.0,0.0,1x5 1x5 1x5,15,0.0,0.0,triceps,klatka,
93,15,2024-01-26,kalistenika,zwis,6x21/20,,0.0,0.0,0.0,0.0,0.0,,0,0.0,0.0,chwyt,przedramie,na czas
94,16,2024-01-30,bieganie,dystans,12,,12.0,0.0,0.0,0.0,0.0,,0,0.0,0.0,bieganie,,
95,16,2024-01-30,bieganie,tempo,4'55,,0.0,0.0,0.0,0.0,0.0,,0,0.0,0.0,bieganie,,
96,16,2024-01-30,bieganie,czas,00:59:00,,0.0,0.0,59.0,0.0,3540.0,,0,0.0,0.0,bieganie,,
97,17,2024-01-31,siłownia,wyciskanie na ławce płaskiej,82.5kg x3 x3 x3; 72.5kg x7 x7,,0.0,0.0,0.0,0.0,0.0,82.5kg 1x3 1x3 1x3,9,82.5,742.5,klatka,triceps,
98,17,2024-01-31,siłownia,wyciskanie na ławce płaskiej,82.5kg x3 x3 x3; 72.5kg x7 x7,,0.0,0.0,0.0,0.0,0.0, 72.5kg 1x7 1x7,14,72.5,1015.0,klatka,triceps,
99,17,2024-01-31,siłownia,modlitewnik sztanga,10kg x12 x12 x12 x12,,0.0,0.0,0.0,0.0,0.0,10kg 1x12 1x12 1x12 1x12,48,10.0,480.0,biceps,,
100,17,2024-01-31,siłownia,wyciąg górny do klatki,55kg x10 x8 x8 x8,,0.0,0.0,0.0,0.0,0.0,55kg 1x10 1x8 1x8 1x8,34,55.0,1870.0,plecy,,
101,17,2024-01-31,siłownia,wyciskanie francuskie 2 hantlami,12.5kg x8 x8 x8 x8,,0.0,0.0,0.0,0.0,0.0,12.5kg 1x8 1x8 1x8 1x8,32,12.5,400.0,triceps,,
102,17,2024-01-31,siłownia,wyciskanie hantli nad głowę,20kg x10 x10 x10 x10,,0.0,0.0,0.0,0.0,0.0,20kg 1x10 1x10 1x10 1x10,40,20.0,800.0,barki,,
103,17,2024-01-31,siłownia,podciąganie podchwytem,x3,,0.0,0.0,0.0,0.0,0.0,1x3,3,0.0,0.0,plecy,biceps,
104,17,2024-01-31,siłownia,zwis,6x23/20,giga ciężko ,0.0,0.0,0.0,0.0,0.0,,0,0.0,0.0,chwyt,przedramie,na czas
105,18,2024-02-01,bieganie,bieg spokojny,3km,,0.0,0.0,0.0,0.0,0.0,,0,0.0,0.0,bieganie,,
106,18,2024-02-01,bieganie,bieg w tempie,3km x 4'40-4'45,,0.0,0.0,0.0,0.0,0.0,,0,0.0,0.0,bieganie,,
107,18,2024-02-01,bieganie,bieg spokojny,3min,,0.0,0.0,0.0,0.0,0.0,,0,0.0,0.0,bieganie,,
108,18,2024-02-01,bieganie,bieg w tempie,3km x 4'40-4'45,,0.0,0.0,0.0,0.0,0.0,,0,0.0,0.0,bieganie,,
109,18,2024-02-01,bieganie,bieg spokojny,2km,,0.0,0.0,0.0,0.0,0.0,,0,0.0,0.0,bieganie,,
110,18,2024-02-01,bieganie,dystans,11.53,,11.53,0.0,0.0,0.0,0.0,,0,0.0,0.0,bieganie,,
111,18,2024-02-01,bieganie,tempo,5'01,,0.0,0.0,0.0,0.0,0.0,,0,0.0,0.0,bieganie,,
112,18,2024-02-01,bieganie,czas,00:57:50,,0.0,0.0,57.0,50.0,3470.0,,0,0.0,0.0,bieganie,,
113,19,2024-02-02,kalistenika,podciąganie nachwytem,x6 x6 10kg x3 x3; bez ciężaru x6,,0.0,0.0,0.0,0.0,0.0,1x6 1x6 10kg 1x3 1x3,18,10.0,180.0,plecy,,
114,19,2024-02-02,kalistenika,podciąganie nachwytem,x6 x6 10kg x3 x3; bez ciężaru x6,,0.0,0.0,0.0,0.0,0.0, bez ciężaru 1x6,6,0.0,0.0,plecy,,
115,19,2024-02-02,kalistenika,dipy,x9 x9 x9,,0.0,0.0,0.0,0.0,0.0,1x9 1x9 1x9,27,0.0,0.0,triceps,klatka,
116,19,2024-02-02,kalistenika,podciąganie podchwytem,x7 x7 x5,,0.0,0.0,0.0,0.0,0.0,1x7 1x7 1x5,19,0.0,0.0,plecy,biceps,
117,19,2024-02-02,kalistenika,pompki,tempo 1411 x8 x8 x8,,0.0,0.0,0.0,0.0,0.0,tempo 1411 1x8 1x8 1x8,24,0.0,0.0,klatka,triceps,
118,19,2024-02-02,kalistenika,podciąganie australijskie nachwytem,x8 x8 x8,,0.0,0.0,0.0,0.0,0.0,1x8 1x8 1x8,24,0.0,0.0,plecy,,
119,19,2024-02-02,kalistenika,stanie na rękach,3x22s,,0.0,0.0,0.0,0.0,0.0,,0,0.0,0.0,barki,,na czas
120,19,2024-02-02,kalistenika,hip trusty na ziemi,20kg x12 x12 x12,,0.0,0.0,0.0,0.0,0.0,20kg 1x12 1x12 1x12,36,20.0,720.0,dupa,,
121,19,2024-02-02,kalistenika,diamenty,x6 x6 x6,,0.0,0.0,0.0,0.0,0.0,1x6 1x6 1x6,18,0.0,0.0,triceps,klatka,
122,19,2024-02-02,kalistenika,zwis,6×25/20,,0.0,0.0,0.0,0.0,0.0,,0,0.0,0.0,chwyt,przedramie,na czas
123,20,2024-02-06,siłownia,wyciskanie na ławce płaskiej,82.5kg x4 x4 x3; 72.5kg x8 x8,,0.0,0.0,0.0,0.0,0.0,82.5kg 1x4 1x4 1x3,11,82.5,907.5,klatka,triceps,
124,20,2024-02-06,siłownia,wyciskanie na ławce płaskiej,82.5kg x4 x4 x3; 72.5kg x8 x8,,0.0,0.0,0.0,0.0,0.0, 72.5kg 1x8 1x8,16,72.5,1160.0,klatka,triceps,
125,20,2024-02-06,siłownia,modlitewnik sztanga,11.25kg x8 x8 x8 x8,,0.0,0.0,0.0,0.0,0.0,11.25kg 1x8 1x8 1x8 1x8,32,11.25,360.0,biceps,,
126,20,2024-02-06,siłownia,wyciąg górny do klatki,55kg x10 x10 x10 x10,,0.0,0.0,0.0,0.0,0.0,55kg 1x10 1x10 1x10 1x10,40,55.0,2200.0,plecy,,
127,20,2024-02-06,siłownia,triceps wyciąg,4 duże płytki x8 x8 x8 x8,,0.0,0.0,0.0,0.0,0.0,4 duże płytki 1x8 1x8 1x8 1x8,32,0.0,0.0,triceps,,"wyciąg górny, dowolny uchwyt"
128,20,2024-02-06,siłownia,wyciskanie hantli nad głowę,20kg x12 x12 x12 x8,,0.0,0.0,0.0,0.0,0.0,20kg 1x12 1x12 1x12 1x8,44,20.0,880.0,barki,,
129,20,2024-02-06,siłownia,podciąganie podchwytem,x4 x4 x4,,0.0,0.0,0.0,0.0,0.0,1x4 1x4 1x4,12,0.0,0.0,plecy,biceps,
130,20,2024-02-06,siłownia,zwis,4x27/25s 2x15s,,0.0,0.0,0.0,0.0,0.0,,0,0.0,0.0,chwyt,przedramie,na czas
131,21,2024-02-07,bieganie,bieg spokojny,8km,,0.0,0.0,0.0,0.0,0.0,,0,0.0,0.0,bieganie,,
132,21,2024-02-07,bieganie,sprint,100m x8,,0.0,0.0,0.0,0.0,0.0,,0,0.0,0.0,bieganie,,do notowania z przerwami
133,21,2024-02-07,bieganie,dystans,9.61,,9.61,0.0,0.0,0.0,0.0,,0,0.0,0.0,bieganie,,
134,21,2024-02-07,bieganie,tempo,4'59,,0.0,0.0,0.0,0.0,0.0,,0,0.0,0.0,bieganie,,
135,21,2024-02-07,bieganie,czas,00:47:57,,0.0,0.0,47.0,57.0,2877.0,,0,0.0,0.0,bieganie,,
136,22,2024-02-09,bieganie,bieg spokojny,3km,,0.0,0.0,0.0,0.0,0.0,,0,0.0,0.0,bieganie,,
137,22,2024-02-09,bieganie,bieg w tempie,90s tempo około 4:15. x10,s,0.0,0.0,0.0,0.0,0.0,,0,0.0,0.0,bieganie,,
138,22,2024-02-09,bieganie,bieg regeneracja,60s. x10,s,0.0,0.0,0.0,0.0,0.0,,0,0.0,0.0,bieganie,,
139,22,2024-02-09,bieganie,bieg spokojny,2km,,0.0,0.0,0.0,0.0,0.0,,0,0.0,0.0,bieganie,,
140,22,2024-02-09,bieganie,dystans,10.37,,10.37,0.0,0.0,0.0,0.0,,0,0.0,0.0,bieganie,,
141,22,2024-02-09,bieganie,tempo,4'53,,0.0,0.0,0.0,0.0,0.0,,0,0.0,0.0,bieganie,,
142,22,2024-02-09,bieganie,czas,00:50:34,,0.0,0.0,50.0,34.0,3034.0,,0,0.0,0.0,bieganie,,
143,23,2024-02-10,kalistenika,podciąganie nachwytem kółka,x7 x7 x7 x5,,0.0,0.0,0.0,0.0,0.0,1x7 1x7 1x7 1x5,26,0.0,0.0,plecy,,
144,23,2024-02-10,kalistenika,dipy kólka,x4 x4 x4 x4,,0.0,0.0,0.0,0.0,0.0,1x4 1x4 1x4 1x4,16,0.0,0.0,triceps,klatka,
145,23,2024-02-10,kalistenika,podciąganie australijskie nachwytem kółka,x8 x8 x8 x8,,0.0,0.0,0.0,0.0,0.0,1x8 1x8 1x8 1x8,32,0.0,0.0,plecy,,
146,23,2024-02-10,kalistenika,pompki kółka,x10 x10 x10,,0.0,0.0,0.0,0.0,0.0,1x10 1x10 1x10,30,0.0,0.0,klatka,triceps,
147,23,2024-02-10,kalistenika,zwis,6x27/25,,0.0,0.0,0.0,0.0,0.0,,0,0.0,0.0,chwyt,przedramie,na czas
148,24,2024-02-12,bieganie,bieg z narastającym tempem,12 km od 5:30 do 4:40,,0.0,0.0,0.0,0.0,0.0,,0,0.0,0.0,bieganie,,
149,24,2024-02-12,bieganie,sprint,8x100m; 100m spacerem,,0.0,0.0,0.0,0.0,0.0,,0,0.0,0.0,bieganie,,do notowania z przerwami
150,24,2024-02-12,bieganie,dystans,13.6,,13.6,0.0,0.0,0.0,0.0,,0,0.0,0.0,bieganie,,
151,24,2024-02-12,bieganie,tempo,5'14,,0.0,0.0,0.0,0.0,0.0,,0,0.0,0.0,bieganie,,
152,24,2024-02-12,bieganie,czas,01:11:05,,0.0,1.0,11.0,5.0,4265.0,,0,0.0,0.0,bieganie,,
153,25,2024-02-13,siłownia,wyciskanie na ławce płaskiej,82.5kg x5 x4 x3; 72.5kg x8 x8,,0.0,0.0,0.0,0.0,0.0,82.5kg 1x5 1x4 1x3,12,82.5,990.0,klatka,triceps,
154,25,2024-02-13,siłownia,wyciskanie na ławce płaskiej,82.5kg x5 x4 x3; 72.5kg x8 x8,,0.0,0.0,0.0,0.0,0.0, 72.5kg 1x8 1x8,16,72.5,1160.0,klatka,triceps,
155,25,2024-02-13,siłownia,wyciąg górny do klatki,61kg x8 x8 x8 x8,,0.0,0.0,0.0,0.0,0.0,61kg 1x8 1x8 1x8 1x8,32,61.0,1952.0,plecy,,
156,25,2024-02-13,siłownia,modlitewnik sztanga,11.25kg x10 x10 x10 x10,,0.0,0.0,0.0,0.0,0.0,11.25kg 1x10 1x10 1x10 1x10,40,11.25,450.0,biceps,,
157,25,2024-02-13,siłownia,wyciskanie hantli nad głowę,20kg x6 x8 x8 x8,łokcie do przodu i od razu trudniej,0.0,0.0,0.0,0.0,0.0,20kg 1x6 1x8 1x8 1x8,30,20.0,600.0,barki,,
158,25,2024-02-13,siłownia,triceps wyciąg,40kg x10 ;47.5kg x9 x8 x8,,0.0,0.0,0.0,0.0,0.0,40kg 1x10 ,10,40.0,400.0,triceps,,"wyciąg górny, dowolny uchwyt"
159,25,2024-02-13,siłownia,triceps wyciąg,40kg x10 ;47.5kg x9 x8 x8,,0.0,0.0,0.0,0.0,0.0,47.5kg 1x9 1x8 1x8,25,47.5,1187.5,triceps,,"wyciąg górny, dowolny uchwyt"
160,25,2024-02-13,siłownia,podciąganie podchwytem,x4 x4,,0.0,0.0,0.0,0.0,0.0,1x4 1x4,8,0.0,0.0,plecy,biceps,
161,25,2024-02-13,siłownia,zwis,3x29/25; 3x19/35,,0.0,0.0,0.0,0.0,0.0,,0,0.0,0.0,chwyt,przedramie,na czas
162,26,2024-02-14,bieganie,bieg spokojny,3km,,0.0,0.0,0.0,0.0,0.0,,0,0.0,0.0,bieganie,,
163,26,2024-02-14,bieganie,bieg w tempie,1km tempo 4:30 - 4:40. x7,s,0.0,0.0,0.0,0.0,0.0,,0,0.0,0.0,bieganie,,
164,26,2024-02-14,bieganie,bieg regeneracja,3min. x7,s,0.0,0.0,0.0,0.0,0.0,,0,0.0,0.0,bieganie,,
165,26,2024-02-14,bieganie,bieg spokojny,2km,,0.0,0.0,0.0,0.0,0.0,,0,0.0,0.0,bieganie,,
166,26,2024-02-14,bieganie,dystans,15.09,,15.09,0.0,0.0,0.0,0.0,,0,0.0,0.0,bieganie,,
167,26,2024-02-14,bieganie,tempo,5'07,,0.0,0.0,0.0,0.0,0.0,,0,0.0,0.0,bieganie,,
168,26,2024-02-14,bieganie,czas,01:17:17,,0.0,1.0,17.0,17.0,4637.0,,0,0.0,0.0,bieganie,,
169,27,2024-02-16,kalistenika,podciąganie nachwytem,x7 x7; 10kg x4 x4; bez ciężaru x7,,0.0,0.0,0.0,0.0,0.0,1x7 1x7,14,0.0,0.0,plecy,,
170,27,2024-02-16,kalistenika,podciąganie nachwytem,x7 x7; 10kg x4 x4; bez ciężaru x7,,0.0,0.0,0.0,0.0,0.0, 10kg 1x4 1x4,8,10.0,80.0,plecy,,
171,27,2024-02-16,kalistenika,podciąganie nachwytem,x7 x7; 10kg x4 x4; bez ciężaru x7,,0.0,0.0,0.0,0.0,0.0, bez ciężaru 1x7,7,0.0,0.0,plecy,,
172,27,2024-02-16,kalistenika,dipy,x10 x10 x10,,0.0,0.0,0.0,0.0,0.0,1x10 1x10 1x10,30,0.0,0.0,triceps,klatka,
173,27,2024-02-16,kalistenika,"przysiady na jednej nodze, negatywy",x10 x10 x10,,0.0,0.0,0.0,0.0,0.0,1x10 1x10 1x10,30,0.0,0.0,nogi,,
174,27,2024-02-16,kalistenika,podciąganie podchwytem,x8 x8 x7,,0.0,0.0,0.0,0.0,0.0,1x8 1x8 1x7,23,0.0,0.0,plecy,biceps,
175,27,2024-02-16,kalistenika,pompki,tempo 1421 x10 x10 x10,,0.0,0.0,0.0,0.0,0.0,tempo 1421 1x10 1x10 1x10,30,0.0,0.0,klatka,triceps,
176,27,2024-02-16,kalistenika,podciąganie australijskie nachwytem,x8 x8 x8,,0.0,0.0,0.0,0.0,0.0,1x8 1x8 1x8,24,0.0,0.0,plecy,,
177,27,2024-02-16,kalistenika,stanie na rękach,3x25s,,0.0,0.0,0.0,0.0,0.0,,0,0.0,0.0,barki,,na czas
178,27,2024-02-16,kalistenika,hip trusty jedna noga, x5 x5 x5,,0.0,0.0,0.0,0.0,0.0, 1x5 1x5 1x5,15,0.0,0.0,dupa,,
179,27,2024-02-16,kalistenika,diamenty,x7 x7 x7,,0.0,0.0,0.0,0.0,0.0,1x7 1x7 1x7,21,0.0,0.0,triceps,klatka,
180,27,2024-02-16,kalistenika,zwis,5x29/25 1x19,,0.0,0.0,0.0,0.0,0.0,,0,0.0,0.0,chwyt,przedramie,na czas
181,28,2024-02-17,bieganie,bieg z narastającym tempem,18km od 5:15 do 4:45,,0.0,0.0,0.0,0.0,0.0,,0,0.0,0.0,bieganie,,
182,28,2024-02-17,bieganie,dystans,18,,18.0,0.0,0.0,0.0,0.0,,0,0.0,0.0,bieganie,,
183,28,2024-02-17,bieganie,tempo,5'07,,0.0,0.0,0.0,0.0,0.0,,0,0.0,0.0,bieganie,,
184,28,2024-02-17,bieganie,czas,01:32:07,,0.0,1.0,32.0,7.0,5527.0,,0,0.0,0.0,bieganie,,
185,29,2024-02-19,bieganie,bieg spokojny,8km,,0.0,0.0,0.0,0.0,0.0,,0,0.0,0.0,bieganie,,
186,29,2024-02-19,bieganie,sprint,8x100m; 100m spacerem,,0.0,0.0,0.0,0.0,0.0,,0,0.0,0.0,bieganie,,do notowania z przerwami
187,29,2024-02-19,bieganie,dystans,9.53,,9.53,0.0,0.0,0.0,0.0,,0,0.0,0.0,bieganie,,
188,29,2024-02-19,bieganie,tempo,5'11,,0.0,0.0,0.0,0.0,0.0,,0,0.0,0.0,bieganie,,
189,29,2024-02-19,bieganie,czas,00:49:24,,0.0,0.0,49.0,24.0,2964.0,,0,0.0,0.0,bieganie,,
190,30,2024-02-20,kalistenika,podciąganie nachwytem,x8 x8; 10kg x4 x4; bez ciężaru x8,te +10 takie naciągnę ,0.0,0.0,0.0,0.0,0.0,1x8 1x8,16,0.0,0.0,plecy,,
191,30,2024-02-20,kalistenika,podciąganie nachwytem,x8 x8; 10kg x4 x4; bez ciężaru x8,te +10 takie naciągnę ,0.0,0.0,0.0,0.0,0.0, 10kg 1x4 1x4,8,10.0,80.0,plecy,,
192,30,2024-02-20,kalistenika,podciąganie nachwytem,x8 x8; 10kg x4 x4; bez ciężaru x8,te +10 takie naciągnę ,0.0,0.0,0.0,0.0,0.0, bez ciężaru 1x8,8,0.0,0.0,plecy,,
193,30,2024-02-20,kalistenika,dipy,x11 x11 x11,,0.0,0.0,0.0,0.0,0.0,1x11 1x11 1x11,33,0.0,0.0,triceps,klatka,
194,30,2024-02-20,kalistenika,podciąganie podchwytem,x7 x7 x6,,0.0,0.0,0.0,0.0,0.0,1x7 1x7 1x6,20,0.0,0.0,plecy,biceps,
195,30,2024-02-20,kalistenika,"przysiady na jednej nodze, negatywy",x12 x12 x12,,0.0,0.0,0.0,0.0,0.0,1x12 1x12 1x12,36,0.0,0.0,nogi,,
196,30,2024-02-20,kalistenika,pompki,tempo 1421 x11 x11,,0.0,0.0,0.0,0.0,0.0,tempo 1421 1x11 1x11,22,0.0,0.0,klatka,triceps,
197,30,2024-02-20,kalistenika,podciąganie australijskie nachwytem,x11 x11 x10,,0.0,0.0,0.0,0.0,0.0,1x11 1x11 1x10,32,0.0,0.0,plecy,,
198,30,2024-02-20,kalistenika,pompki pike,x8 x8 x8,,0.0,0.0,0.0,0.0,0.0,1x8 1x8 1x8,24,0.0,0.0,barki,,
199,30,2024-02-20,kalistenika,hip trusty jedna noga,x6 x6 x6,,0.0,0.0,0.0,0.0,0.0,1x6 1x6 1x6,18,0.0,0.0,dupa,,
200,30,2024-02-20,kalistenika,diamenty,x8 x8 x8,,0.0,0.0,0.0,0.0,0.0,1x8 1x8 1x8,24,0.0,0.0,triceps,klatka,
201,30,2024-02-20,kalistenika,zwis,6x29/25,,0.0,0.0,0.0,0.0,0.0,,0,0.0,0.0,chwyt,przedramie,na czas
202,31,2024-02-21,bieganie,bieg spokojny,3km,,0.0,0.0,0.0,0.0,0.0,,0,0.0,0.0,bieganie,,
203,31,2024-02-21,bieganie,bieg w tempie,4km 4'40-4'45,,0.0,0.0,0.0,0.0,0.0,,0,0.0,0.0,bieganie,,
204,31,2024-02-21,bieganie,bieg regeneracja,3min,,0.0,0.0,0.0,0.0,0.0,,0,0.0,0.0,bieganie,,
205,31,2024-02-21,bieganie,bieg w tempie,4km 4'40-4'45,,0.0,0.0,0.0,0.0,0.0,,0,0.0,0.0,bieganie,,
206,31,2024-02-21,bieganie,bieg spokojny,2km,,0.0,0.0,0.0,0.0,0.0,,0,0.0,0.0,bieganie,,
207,31,2024-02-21,bieganie,dystans,13.55,,13.55,0.0,0.0,0.0,0.0,,0,0.0,0.0,bieganie,,
208,31,2024-02-21,bieganie,tempo,4'54,,0.0,0.0,0.0,0.0,0.0,,0,0.0,0.0,bieganie,,
209,31,2024-02-21,bieganie,czas,01:06:25,,0.0,1.0,6.0,25.0,3985.0,,0,0.0,0.0,bieganie,,
210,32,2024-02-23,siłownia,wyciskanie na ławce płaskiej,85kg x3 x3 x3; 75kg x8 x8,,0.0,0.0,0.0,0.0,0.0,85kg 1x3 1x3 1x3,9,85.0,765.0,klatka,triceps,
211,32,2024-02-23,siłownia,wyciskanie na ławce płaskiej,85kg x3 x3 x3; 75kg x8 x8,,0.0,0.0,0.0,0.0,0.0, 75kg 1x8 1x8,16,75.0,1200.0,klatka,triceps,
212,32,2024-02-23,siłownia,martwy + ohp,40kg x6 x6 x6,,0.0,0.0,0.0,0.0,0.0,40kg 1x6 1x6 1x6,18,40.0,720.0,barki,nogi,"martwy ciąg, podrzucenie sztangi i przejście do OHP"
213,32,2024-02-23,siłownia,wyciąg górny do klatki,65kg x8 x8 x8,,0.0,0.0,0.0,0.0,0.0,65kg 1x8 1x8 1x8,24,65.0,1560.0,plecy,,
214,32,2024-02-23,siłownia,modlitewnik sztanga,11.25 x12 x12 x12,,0.0,0.0,0.0,0.0,0.0,11.25 1x12 1x12 1x12,36,0.0,0.0,biceps,,
215,32,2024-02-23,siłownia,barki bokiem,9kg x10 x10 x10,,0.0,0.0,0.0,0.0,0.0,9kg 1x10 1x10 1x10,30,9.0,270.0,barki,,
216,32,2024-02-23,siłownia,triceps wyciąg,5 dużych płytek x8 x8 x8,,0.0,0.0,0.0,0.0,0.0,5 dużych płytek 1x8 1x8 1x8,24,0.0,0.0,triceps,,"wyciąg górny, dowolny uchwyt"
217,32,2024-02-23,siłownia,podciąganie podchwytem,x4 x4,,0.0,0.0,0.0,0.0,0.0,1x4 1x4,8,0.0,0.0,plecy,biceps,
218,32,2024-02-23,siłownia,zwis,6x30/25,,0.0,0.0,0.0,0.0,0.0,,0,0.0,0.0,chwyt,przedramie,na czas
219,33,2024-02-24,bieganie,bieg spokojny,20,,0.0,0.0,0.0,0.0,0.0,,0,0.0,0.0,bieganie,,
220,33,2024-02-24,bieganie,dystans,20,,20.0,0.0,0.0,0.0,0.0,,0,0.0,0.0,bieganie,,
221,33,2024-02-24,bieganie,tempo,4'55,,0.0,0.0,0.0,0.0,0.0,,0,0.0,0.0,bieganie,,
222,33,2024-02-24,bieganie,czas,01:38:14,,0.0,1.0,38.0,14.0,5894.0,,0,0.0,0.0,bieganie,,
223,34,2024-03-01,rowerstacjonrany,dystans,20km,,0.0,0.0,0.0,0.0,0.0,20km,0,0.0,0.0,bieganie,,
224,34,2024-03-01,rowerstacjonrany,czas,00:43:28,,0.0,0.0,0.0,0.0,0.0,00:43:28,0,0.0,0.0,bieganie,,
225,34,2024-03-01,spacernabieżniznachyleniem,dystans,1km,,0.0,0.0,0.0,0.0,0.0,1km,0,0.0,0.0,bieganie,,
226,35,2024-03-05,rowerstacjonarny,dystans,20km,,0.0,0.0,0.0,0.0,0.0,20km,0,0.0,0.0,bieganie,,
227,35,2024-03-05,rowerstacjonarny,czas,00:40:00,,0.0,0.0,0.0,0.0,0.0,00:40:00,0,0.0,0.0,bieganie,,
228,35,2024-03-05,rowerstacjonarny,spacer po bieżni,1km,,0.0,0.0,0.0,0.0,0.0,1km,0,0.0,0.0,bieganie,,
229,35,2024-03-05,kalistenika,"przysiady na jednej nodze, negatywy",x12 x12 x12,,0.0,0.0,0.0,0.0,0.0,1x12 1x12 1x12,36,0.0,0.0,nogi,,
230,35,2024-03-05,kalistenika,przysiady z wyskokiem,x10 x10 x10,,0.0,0.0,0.0,0.0,0.0,1x10 1x10 1x10,30,0.0,0.0,nogi,,
231,35,2024-03-05,kalistenika,hip trusty jedna noga,x5 x5 x5,,0.0,0.0,0.0,0.0,0.0,1x5 1x5 1x5,15,0.0,0.0,dupa,,
232,36,2024-03-07,bieganie,dystans,10km,,10.0,0.0,0.0,0.0,0.0,,0,0.0,0.0,bieganie,,
233,36,2024-03-07,bieganie,tempo,4'45,,0.0,0.0,0.0,0.0,0.0,,0,0.0,0.0,bieganie,,
234,36,2024-03-07,bieganie,czas,00:47:32,,0.0,0.0,47.0,32.0,2852.0,,0,0.0,0.0,bieganie,,
235,37,2024-03-09,bieganie,dystans,16km,,16.0,0.0,0.0,0.0,0.0,,0,0.0,0.0,bieganie,,
236,37,2024-03-09,bieganie,tempo,4'44,,0.0,0.0,0.0,0.0,0.0,,0,0.0,0.0,bieganie,,
237,37,2024-03-09,bieganie,czas,01:15:46,,0.0,1.0,15.0,46.0,4546.0,,0,0.0,0.0,bieganie,,
238,38,2024-03-11,bieganie,bieg spokojny,8km,,0.0,0.0,0.0,0.0,0.0,,0,0.0,0.0,bieganie,,
239,38,2024-03-11,bieganie,sprint,8x100m; 100m spacerem,,0.0,0.0,0.0,0.0,0.0,,0,0.0,0.0,bieganie,,do notowania z przerwami
240,38,2024-03-11,bieganie,dystans,9.51,,9.51,0.0,0.0,0.0,0.0,,0,0.0,0.0,bieganie,,
241,38,2024-03-11,bieganie,tempo,4'52,,0.0,0.0,0.0,0.0,0.0,,0,0.0,0.0,bieganie,,
242,38,2024-03-11,bieganie,czas,00:46:14,,0.0,0.0,46.0,14.0,2774.0,,0,0.0,0.0,bieganie,,
243,39,2024-03-14,bieganie,bieg spokojny,3km,,0.0,0.0,0.0,0.0,0.0,,0,0.0,0.0,bieganie,,
244,39,2024-03-14,bieganie,bieg w tempie,4km 4'40,,0.0,0.0,0.0,0.0,0.0,,0,0.0,0.0,bieganie,,
245,39,2024-03-14,bieganie,bieg regeneracja,2min,,0.0,0.0,0.0,0.0,0.0,,0,0.0,0.0,bieganie,,
246,39,2024-03-14,bieganie,bieg w tempie,4km 4'40,,0.0,0.0,0.0,0.0,0.0,,0,0.0,0.0,bieganie,,
247,39,2024-03-14,bieganie,bieg regeneracja,2min,,0.0,0.0,0.0,0.0,0.0,,0,0.0,0.0,bieganie,,
248,39,2024-03-14,bieganie,bieg w tempie,4km 4'40,,0.0,0.0,0.0,0.0,0.0,,0,0.0,0.0,bieganie,,
249,39,2024-03-14,bieganie,bieg spokojny,2km,,0.0,0.0,0.0,0.0,0.0,,0,0.0,0.0,bieganie,,
250,39,2024-03-14,bieganie,dystans,16.72,,16.72,0.0,0.0,0.0,0.0,,0,0.0,0.0,bieganie,,
251,39,2024-03-14,bieganie,tempo,4'51,,0.0,0.0,0.0,0.0,0.0,,0,0.0,0.0,bieganie,,
252,39,2024-03-14,bieganie,czas,01:21:10,,0.0,1.0,21.0,10.0,4870.0,,0,0.0,0.0,bieganie,,
253,40,2024-03-18,bieganie,bieg spokojny,3km,,0.0,0.0,0.0,0.0,0.0,,0,0.0,0.0,bieganie,,
254,40,2024-03-18,bieganie,bieg w tempie,1km 4'40,,0.0,0.0,0.0,0.0,0.0,,0,0.0,0.0,bieganie,,
255,40,2024-03-18,bieganie,bieg regeneracja,2min,,0.0,0.0,0.0,0.0,0.0,,0,0.0,0.0,bieganie,,
256,40,2024-03-18,bieganie,bieg w tempie,1km 4'40,,0.0,0.0,0.0,0.0,0.0,,0,0.0,0.0,bieganie,,
257,40,2024-03-18,bieganie,bieg regeneracja,2min,,0.0,0.0,0.0,0.0,0.0,,0,0.0,0.0,bieganie,,
258,40,2024-03-18,bieganie,bieg w tempie,1km 4'40,,0.0,0.0,0.0,0.0,0.0,,0,0.0,0.0,bieganie,,
259,40,2024-03-18,bieganie,bieg regeneracja,2min,,0.0,0.0,0.0,0.0,0.0,,0,0.0,0.0,bieganie,,
260,40,2024-03-18,bieganie,bieg w tempie,1km 4'40,,0.0,0.0,0.0,0.0,0.0,,0,0.0,0.0,bieganie,,
261,40,2024-03-18,bieganie,bieg spokojny,1km,,0.0,0.0,0.0,0.0,0.0,,0,0.0,0.0,bieganie,,
262,40,2024-03-18,bieganie,dystans,9.06,,9.06,0.0,0.0,0.0,0.0,,0,0.0,0.0,bieganie,,
263,40,2024-03-18,bieganie,tempo,4'57,,0.0,0.0,0.0,0.0,0.0,,0,0.0,0.0,bieganie,,
264,40,2024-03-18,bieganie,czas,00:44:54,,0.0,0.0,44.0,54.0,2694.0,,0,0.0,0.0,bieganie,,
265,41,2024-03-19,kaistenika,pompki,3x10,,0.0,0.0,0.0,0.0,0.0,3x10,30,0.0,0.0,klatka,triceps,
266,41,2024-03-19,kaistenika,biceps guma,Z 3x10,,0.0,0.0,0.0,0.0,0.0,Z 3x10,30,0.0,0.0,biceps,,uginanie bicepsu stojąc na gumie
267,41,2024-03-19,kaistenika,triceps guma,Z 3x10,,0.0,0.0,0.0,0.0,0.0,Z 3x10,30,0.0,0.0,triceps,,jak wyciąg górny
268,41,2024-03-19,kaistenika,barki guma,N 3x10,,0.0,0.0,0.0,0.0,0.0,N 3x10,30,0.0,0.0,barki,,wyciskanie nad głowę stojąc na gumie
269,41,2024-03-19,kaistenika,wiosłowanie guma,N 3x10,,0.0,0.0,0.0,0.0,0.0,N 3x10,30,0.0,0.0,plecy,,
270,42,2024-03-20,bieganie,dystans,10km,,10.0,0.0,0.0,0.0,0.0,,0,0.0,0.0,bieganie,,
271,42,2024-03-20,bieganie,tempo,4'32,,0.0,0.0,0.0,0.0,0.0,,0,0.0,0.0,bieganie,,
272,42,2024-03-20,bieganie,czas,00:45:26,,0.0,0.0,45.0,26.0,2726.0,,0,0.0,0.0,bieganie,,
273,43,2024-03-24,bieganie,dystans,21.095km,,21.095,0.0,0.0,0.0,0.0,,0,0.0,0.0,bieganie,,
274,43,2024-03-24,bieganie,tempo,4'44,,0.0,0.0,0.0,0.0,0.0,,0,0.0,0.0,bieganie,,
275,43,2024-03-24,bieganie,czas,01:39:57,,0.0,1.0,39.0,57.0,5997.0,,0,0.0,0.0,bieganie,,
276,44,2024-03-27,kalistenika,podciąganie nachwytem,x5 x5 x5 x5,,0.0,0.0,0.0,0.0,0.0,1x5 1x5 1x5 1x5,20,0.0,0.0,plecy,,
277,44,2024-03-27,kalistenika,pompki,x12 x12 x12 x12,,0.0,0.0,0.0,0.0,0.0,1x12 1x12 1x12 1x12,48,0.0,0.0,klatka,triceps,
278,44,2024-03-27,kalistenika,przysiady,x10 x10 x10 x10,,0.0,0.0,0.0,0.0,0.0,1x10 1x10 1x10 1x10,40,0.0,0.0,nogi,,
279,44,2024-03-27,kalistenika,podciąganie podchwytem,x5 x5 x5 x3,,0.0,0.0,0.0,0.0,0.0,1x5 1x5 1x5 1x3,18,0.0,0.0,plecy,biceps,
280,44,2024-03-27,kalistenika,diamenty,x8 x8 x8 x8,,0.0,0.0,0.0,0.0,0.0,1x8 1x8 1x8 1x8,32,0.0,0.0,triceps,klatka,
281,44,2024-03-27,kalistenika,hip trusty na ziemi,15kg x10; 20kg x10 x10 x10,,0.0,0.0,0.0,0.0,0.0,15kg 1x10,10,15.0,150.0,dupa,,
282,44,2024-03-27,kalistenika,hip trusty na ziemi,15kg x10; 20kg x10 x10 x10,,0.0,0.0,0.0,0.0,0.0, 20kg 1x10 1x10 1x10,30,20.0,600.0,dupa,,
283,44,2024-03-27,kalistenika,wzniosy nóg,x5 x5 x5 x5,,0.0,0.0,0.0,0.0,0.0,1x5 1x5 1x5 1x5,20,0.0,0.0,brzuch,chwyt,
284,45,2024-03-29,kalistenika,podciąganie nachwytem,x5 x5 x5 x5,,0.0,0.0,0.0,0.0,0.0,1x5 1x5 1x5 1x5,20,0.0,0.0,plecy,,
285,45,2024-03-29,kalistenika,dipy,x1 x2 x3 x4 x5 x4 x3 x2 x1,,0.0,0.0,0.0,0.0,0.0,1x1 1x2 1x3 1x4 1x5 1x4 1x3 1x2 1x1,25,0.0,0.0,triceps,klatka,
286,45,2024-03-29,kalistenika,podciąganie młotek,x1 x2 x3 x4 x5 x4 x3 x2 x1,,0.0,0.0,0.0,0.0,0.0,1x1 1x2 1x3 1x4 1x5 1x4 1x3 1x2 1x1,25,0.0,0.0,plecy,biceps,
287,45,2024-03-29,kalistenika,pompki,x14 x14 x14 x14,,0.0,0.0,0.0,0.0,0.0,1x14 1x14 1x14 1x14,56,0.0,0.0,klatka,triceps,
288,45,2024-03-29,kalistenika,podciąganie podchwytem,x4 x4 x4 x4,,0.0,0.0,0.0,0.0,0.0,1x4 1x4 1x4 1x4,16,0.0,0.0,plecy,biceps,
289,45,2024-03-29,kalistenika,wzniosy nóg,x5 x5 x5 x5,,0.0,0.0,0.0,0.0,0.0,1x5 1x5 1x5 1x5,20,0.0,0.0,brzuch,chwyt,
290,46,2024-04-01,rower,dystans,34.59,,0.0,0.0,0.0,0.0,0.0,34.59,0,0.0,0.0,bieganie,,
291,46,2024-04-01,rower,tempo,21'97,,0.0,0.0,0.0,0.0,0.0,21'97,0,0.0,0.0,bieganie,,
292,46,2024-04-01,rower,czas,01:34:29,,0.0,0.0,0.0,0.0,0.0,01:34:29,0,0.0,0.0,bieganie,,
293,47,2024-04-03,siłownia,wyciskanie na ławce płaskiej,80kg x8 x8 x8 x8,,0.0,0.0,0.0,0.0,0.0,80kg 1x8 1x8 1x8 1x8,32,80.0,2560.0,klatka,triceps,
294,47,2024-04-03,siłownia,martwy + ohp,30kg x8 x8 x8 x8,,0.0,0.0,0.0,0.0,0.0,30kg 1x8 1x8 1x8 1x8,32,30.0,960.0,barki,nogi,"martwy ciąg, podrzucenie sztangi i przejście do OHP"
295,47,2024-04-03,siłownia,wyciąg górny do klatki,60kg x8 x8 x8 x8,,0.0,0.0,0.0,0.0,0.0,60kg 1x8 1x8 1x8 1x8,32,60.0,1920.0,plecy,,
296,47,2024-04-03,siłownia,modlitewnik sztanga,10kg x12 x12 x12 x12,,0.0,0.0,0.0,0.0,0.0,10kg 1x12 1x12 1x12 1x12,48,10.0,480.0,biceps,,
297,47,2024-04-03,siłownia,triceps wyciąg,4 płytki x12 x12 x8 x8,,0.0,0.0,0.0,0.0,0.0,4 płytki 1x12 1x12 1x8 1x8,40,0.0,0.0,triceps,,"wyciąg górny, dowolny uchwyt"
298,47,2024-04-03,siłownia,barki bokiem,5kg x12; 7kg x12 x12 x12,,0.0,0.0,0.0,0.0,0.0,5kg 1x12,12,5.0,60.0,barki,,
299,47,2024-04-03,siłownia,barki bokiem,5kg x12; 7kg x12 x12 x12,,0.0,0.0,0.0,0.0,0.0, 7kg 1x12 1x12 1x12,36,7.0,252.0,barki,,
300,47,2024-04-03,siłownia,zwis,6x20/20,,0.0,0.0,0.0,0.0,0.0,,0,0.0,0.0,chwyt,przedramie,na czas
301,48,2024-04-06,bieganie,dystans,3.16,,3.16,0.0,0.0,0.0,0.0,,0,0.0,0.0,bieganie,,
302,48,2024-04-06,bieganie,tempo,4'44,,0.0,0.0,0.0,0.0,0.0,,0,0.0,0.0,bieganie,,
303,48,2024-04-06,bieganie,czas,00:14:58,,0.0,0.0,14.0,58.0,898.0,,0,0.0,0.0,bieganie,,
304,48,2024-04-06,kalistenika,podciąganie nachwytem,x5 x5 x5 x5,,0.0,0.0,0.0,0.0,0.0,1x5 1x5 1x5 1x5,20,0.0,0.0,plecy,,
305,48,2024-04-06,kalistenika,dipy,x6 x6 x6 x6,,0.0,0.0,0.0,0.0,0.0,1x6 1x6 1x6 1x6,24,0.0,0.0,triceps,klatka,
306,48,2024-04-06,kalistenika,podciąganie podchwytem,x6 x6 x6 x6,,0.0,0.0,0.0,0.0,0.0,1x6 1x6 1x6 1x6,24,0.0,0.0,plecy,biceps,
307,48,2024-04-06,kalistenika,pompki,x10 x10 x10 x10,,0.0,0.0,0.0,0.0,0.0,1x10 1x10 1x10 1x10,40,0.0,0.0,klatka,triceps,
308,48,2024-04-06,kalistenika,podciąganie młotek,x3 x3 x3 x3,,0.0,0.0,0.0,0.0,0.0,1x3 1x3 1x3 1x3,12,0.0,0.0,plecy,biceps,
309,48,2024-04-06,kalistenika,pompki pike,x5 x5 x5 x5,,0.0,0.0,0.0,0.0,0.0,1x5 1x5 1x5 1x5,20,0.0,0.0,barki,,
310,48,2024-04-06,kalistenika,podciąganie australijskie nachwytem,x7 x7 x7 x7,,0.0,0.0,0.0,0.0,0.0,1x7 1x7 1x7 1x7,28,0.0,0.0,plecy,,
311,48,2024-04-06,kalistenika,diamenty,x5 x5 x5 x5,,0.0,0.0,0.0,0.0,0.0,1x5 1x5 1x5 1x5,20,0.0,0.0,triceps,klatka,
312,48,2024-04-06,kalistenika,wzniosy nóg,x7 x7 x7 x7,,0.0,0.0,0.0,0.0,0.0,1x7 1x7 1x7 1x7,28,0.0,0.0,brzuch,chwyt,
313,48,2024-04-06,bieganie,dystans,3,,3.0,0.0,0.0,0.0,0.0,,0,0.0,0.0,bieganie,,
314,48,2024-04-06,bieganie,tempo,5'19,,0.0,0.0,0.0,0.0,0.0,,0,0.0,0.0,bieganie,,
315,48,2024-04-06,bieganie,czas,00:16:01,,0.0,0.0,16.0,1.0,961.0,,0,0.0,0.0,bieganie,,
316,49,2024-04-07,rower,dystans,60.75,,0.0,0.0,0.0,0.0,0.0,60.75,0,0.0,0.0,bieganie,,
317,49,2024-04-07,rower,tempo,22'42,,0.0,0.0,0.0,0.0,0.0,22'42,0,0.0,0.0,bieganie,,
318,49,2024-04-07,rower,czas,02:42:36,,0.0,0.0,0.0,0.0,0.0,02:42:36,0,0.0,0.0,bieganie,,
319,50,2024-04-08,siłownia,wyciskanie na ławce płaskiej,75kg x5 x5 x5; 70kg x5 x5,,0.0,0.0,0.0,0.0,0.0,75kg 1x5 1x5 1x5,15,75.0,1125.0,klatka,triceps,
320,50,2024-04-08,siłownia,wyciskanie na ławce płaskiej,75kg x5 x5 x5; 70kg x5 x5,,0.0,0.0,0.0,0.0,0.0, 70kg 1x5 1x5,10,70.0,700.0,klatka,triceps,
321,50,2024-04-08,siłownia,wyciąg górny do klatki,65kg x8 x8 x8 x8,,0.0,0.0,0.0,0.0,0.0,65kg 1x8 1x8 1x8 1x8,32,65.0,2080.0,plecy,,
322,50,2024-04-08,siłownia,modlitewnik sztanga,10kg x13 x13 x10 x10,,0.0,0.0,0.0,0.0,0.0,10kg 1x13 1x13 1x10 1x10,46,10.0,460.0,biceps,,
323,50,2024-04-08,siłownia,triceps wyciąg,4 duże płytki x10 x10 x10 x10,,0.0,0.0,0.0,0.0,0.0,4 duże płytki 1x10 1x10 1x10 1x10,40,0.0,0.0,triceps,,"wyciąg górny, dowolny uchwyt"
324,50,2024-04-08,siłownia,barki bokiem,8kg x8 x10 x10 x10,,0.0,0.0,0.0,0.0,0.0,8kg 1x8 1x10 1x10 1x10,38,8.0,304.0,barki,,
325,50,2024-04-08,siłownia,zwis,6x22/20s,,0.0,0.0,0.0,0.0,0.0,,0,0.0,0.0,chwyt,przedramie,na czas
326,51,2024-04-10,bieganie,dystans,8,,8.0,0.0,0.0,0.0,0.0,,0,0.0,0.0,bieganie,,
327,51,2024-04-10,bieganie,tempo,4'50,,0.0,0.0,0.0,0.0,0.0,,0,0.0,0.0,bieganie,,
328,51,2024-04-10,bieganie,czas,00:38:43,,0.0,0.0,38.0,43.0,2323.0,,0,0.0,0.0,bieganie,,
329,52,2024-04-11,bieganie,dystans,2.65,,2.65,0.0,0.0,0.0,0.0,,0,0.0,0.0,bieganie,,
330,52,2024-04-11,bieganie,tempo,4'40,,0.0,0.0,0.0,0.0,0.0,,0,0.0,0.0,bieganie,,
331,52,2024-04-11,bieganie,czas,00:12:21,,0.0,0.0,12.0,21.0,741.0,,0,0.0,0.0,bieganie,,
332,52,2024-04-11,kalistenika,podciąganie nachwytem,x5 x5 x5 x5,,0.0,0.0,0.0,0.0,0.0,1x5 1x5 1x5 1x5,20,0.0,0.0,plecy,,
333,52,2024-04-11,kalistenika,dipy,x5 x5 x5 x5,,0.0,0.0,0.0,0.0,0.0,1x5 1x5 1x5 1x5,20,0.0,0.0,triceps,klatka,
334,52,2024-04-11,kalistenika,podciąganie podchwytem,x5 x5 x5 x5,,0.0,0.0,0.0,0.0,0.0,1x5 1x5 1x5 1x5,20,0.0,0.0,plecy,biceps,
335,52,2024-04-11,kalistenika,pompki,x12 x15 x12 x12,,0.0,0.0,0.0,0.0,0.0,1x12 1x15 1x12 1x12,51,0.0,0.0,klatka,triceps,
336,52,2024-04-11,kalistenika,podciąganie młotek,x3 x3 x3 x3,,0.0,0.0,0.0,0.0,0.0,1x3 1x3 1x3 1x3,12,0.0,0.0,plecy,biceps,
337,52,2024-04-11,kalistenika,pompki pike,x6 x6 x6 x6,,0.0,0.0,0.0,0.0,0.0,1x6 1x6 1x6 1x6,24,0.0,0.0,barki,,
338,52,2024-04-11,kalistenika,podciąganie australijskie nachwytem,x10 x10 x10x 10,,0.0,0.0,0.0,0.0,0.0,1x10 1x10 1x10x 10,30,0.0,0.0,plecy,,
339,52,2024-04-11,kalistenika,diamenty,x6 x6 x6 x6,,0.0,0.0,0.0,0.0,0.0,1x6 1x6 1x6 1x6,24,0.0,0.0,triceps,klatka,
340,52,2024-04-11,kalistenika,wzniosy nóg,x6 x6 x6 x6,,0.0,0.0,0.0,0.0,0.0,1x6 1x6 1x6 1x6,24,0.0,0.0,brzuch,chwyt,
341,52,2024-04-11,bieganie,dystans,3.54km,,3.54,0.0,0.0,0.0,0.0,,0,0.0,0.0,bieganie,,
342,52,2024-04-11,bieganie,tempo,5'24,,0.0,0.0,0.0,0.0,0.0,,0,0.0,0.0,bieganie,,
343,52,2024-04-11,bieganie,czas,00:19:06,,0.0,0.0,19.0,6.0,1146.0,,0,0.0,0.0,bieganie,,
344,53,2024-04-12,bieganie,dystans,10,,10.0,0.0,0.0,0.0,0.0,,0,0.0,0.0,bieganie,,
345,53,2024-04-12,bieganie,tempo,4'52,,0.0,0.0,0.0,0.0,0.0,,0,0.0,0.0,bieganie,,
346,53,2024-04-12,bieganie,czas,00:48:40,,0.0,0.0,48.0,40.0,2920.0,,0,0.0,0.0,bieganie,,
347,54,2024-04-13,rower,dystans,15.81,,0.0,0.0,0.0,0.0,0.0,15.81,0,0.0,0.0,bieganie,,
348,54,2024-04-13,rower,tempo,13'34,,0.0,0.0,0.0,0.0,0.0,13'34,0,0.0,0.0,bieganie,,
349,54,2024-04-13,rower,czas,01:11:06,,0.0,0.0,0.0,0.0,0.0,01:11:06,0,0.0,0.0,bieganie,,
350,55,2024-04-15,bieganie,dystans,8,,8.0,0.0,0.0,0.0,0.0,,0,0.0,0.0,bieganie,,
351,55,2024-04-15,bieganie,tempo,4'43,,0.0,0.0,0.0,0.0,0.0,,0,0.0,0.0,bieganie,,
352,55,2024-04-15,bieganie,czas,00:37:53,,0.0,0.0,37.0,53.0,2273.0,,0,0.0,0.0,bieganie,,
353,56,2024-04-16,siłownia,wyciskanie na ławce płaskiej,80kg x4 x5 x5; 70kg x8 x8,,0.0,0.0,0.0,0.0,0.0,80kg 1x4 1x5 1x5,14,80.0,1120.0,klatka,triceps,
354,56,2024-04-16,siłownia,wyciskanie na ławce płaskiej,80kg x4 x5 x5; 70kg x8 x8,,0.0,0.0,0.0,0.0,0.0, 70kg 1x8 1x8,16,70.0,1120.0,klatka,triceps,
355,56,2024-04-16,siłownia,wyciąg górny do klatki,70kg x8 x8 x8 x8,,0.0,0.0,0.0,0.0,0.0,70kg 1x8 1x8 1x8 1x8,32,70.0,2240.0,plecy,,
356,56,2024-04-16,siłownia,modlitewnik sztanga,11.25kg x10 x10 x10 x10,,0.0,0.0,0.0,0.0,0.0,11.25kg 1x10 1x10 1x10 1x10,40,11.25,450.0,biceps,,
357,56,2024-04-16,siłownia,triceps wyciąg,5 płytek x8 x8 x8 x8,,0.0,0.0,0.0,0.0,0.0,5 płytek 1x8 1x8 1x8 1x8,32,0.0,0.0,triceps,,"wyciąg górny, dowolny uchwyt"
358,56,2024-04-16,siłownia,wyciskanie hantli nad głowę,20kg x10 x10 x10 x10,,0.0,0.0,0.0,0.0,0.0,20kg 1x10 1x10 1x10 1x10,40,20.0,800.0,barki,,
359,56,2024-04-16,siłownia,barki bokiem,9kg x8 x8 x8,,0.0,0.0,0.0,0.0,0.0,9kg 1x8 1x8 1x8,24,9.0,216.0,barki,,
360,56,2024-04-16,siłownia,zwis,6x25/20,,0.0,0.0,0.0,0.0,0.0,,0,0.0,0.0,chwyt,przedramie,na czas
361,57,2024-04-17,bieganie,dystans,12,,12.0,0.0,0.0,0.0,0.0,,0,0.0,0.0,bieganie,,
362,57,2024-04-17,bieganie,tempo,4'54,,0.0,0.0,0.0,0.0,0.0,,0,0.0,0.0,bieganie,,
363,57,2024-04-17,bieganie,czas,00:58:51,,0.0,0.0,58.0,51.0,3531.0,,0,0.0,0.0,bieganie,,
364,58,2024-04-22,kalistenika,podciąganie nachwytem kółka,x7 x7 x7 x7,,0.0,0.0,0.0,0.0,0.0,1x7 1x7 1x7 1x7,28,0.0,0.0,plecy,,
365,58,2024-04-22,kalistenika,dipy kólka,x4 x4 x4 x4,,0.0,0.0,0.0,0.0,0.0,1x4 1x4 1x4 1x4,16,0.0,0.0,triceps,klatka,
366,58,2024-04-22,kalistenika,podciąganie australijskie nachwytem,x10 x10 x10 x10,,0.0,0.0,0.0,0.0,0.0,1x10 1x10 1x10 1x10,40,0.0,0.0,plecy,,
367,58,2024-04-22,kalistenika,przysiady na jednej nodze z kółkami,x3 x3 x3 x3,,0.0,0.0,0.0,0.0,0.0,1x3 1x3 1x3 1x3,12,0.0,0.0,,,
368,58,2024-04-22,kalistenika,pompki,x10 x10 x10 x10,,0.0,0.0,0.0,0.0,0.0,1x10 1x10 1x10 1x10,40,0.0,0.0,klatka,triceps,
369,58,2024-04-22,kalistenika,podciąganie australijskie  podchywtem,x7 x7 x7 x7,,0.0,0.0,0.0,0.0,0.0,1x7 1x7 1x7 1x7,28,0.0,0.0,plecy,biceps,
370,58,2024-04-22,kalistenika,pompki pike,x5 x5 x5 x5,,0.0,0.0,0.0,0.0,0.0,1x5 1x5 1x5 1x5,20,0.0,0.0,barki,,
371,58,2024-04-22,kalistenika,zwis,6x27/20,,0.0,0.0,0.0,0.0,0.0,,0,0.0,0.0,chwyt,przedramie,na czas
372,59,2024-04-23,bieganie,dystans,10,,10.0,0.0,0.0,0.0,0.0,,0,0.0,0.0,bieganie,,
373,59,2024-04-23,bieganie,tempo,4'47,,0.0,0.0,0.0,0.0,0.0,,0,0.0,0.0,bieganie,,
374,59,2024-04-23,bieganie,czas,00:47:49,,0.0,0.0,47.0,49.0,2869.0,,0,0.0,0.0,bieganie,,
375,60,2024-04-27,siłownia,wyciskanie na ławce płaskiej,85kg x3 x3 x3; 75kg x6,,0.0,0.0,0.0,0.0,0.0,85kg 1x3 1x3 1x3,9,85.0,765.0,klatka,triceps,
376,60,2024-04-27,siłownia,wyciskanie na ławce płaskiej,85kg x3 x3 x3; 75kg x6,,0.0,0.0,0.0,0.0,0.0, 75kg 1x6,6,75.0,450.0,klatka,triceps,
377,60,2024-04-27,siłownia,wyciąg górny do klatki,73kg x8 x8 x8 x8,,0.0,0.0,0.0,0.0,0.0,73kg 1x8 1x8 1x8 1x8,32,73.0,2336.0,plecy,,
378,60,2024-04-27,siłownia,modlitewnik sztanga,10kg x10 x10,,0.0,0.0,0.0,0.0,0.0,10kg 1x10 1x10,20,10.0,200.0,biceps,,
379,60,2024-04-27,siłownia,triceps wyciąg,27kg x6; 23kg z10 x10 x8,xd,0.0,0.0,0.0,0.0,0.0,27kg 1x6,6,27.0,162.0,triceps,,"wyciąg górny, dowolny uchwyt"
380,60,2024-04-27,siłownia,triceps wyciąg,27kg x6; 23kg z10 x10 x8,xd,0.0,0.0,0.0,0.0,0.0, 23kg z10 1x10 1x8,18,23.0,414.0,triceps,,"wyciąg górny, dowolny uchwyt"
381,60,2024-04-27,siłownia,barki bokiem,10kg x8 x8 x8 x8,,0.0,0.0,0.0,0.0,0.0,10kg 1x8 1x8 1x8 1x8,32,10.0,320.0,barki,,
382,60,2024-04-27,siłownia,zwis,3x28s 20s 2x10s,,0.0,0.0,0.0,0.0,0.0,,0,0.0,0.0,chwyt,przedramie,na czas
383,60,2024-04-27,siłownia,uginanie ramion z obrotem stojąc,12.5 kg x12 x12  x12 x12,,0.0,0.0,0.0,0.0,0.0,12.5 kg 1x12 1x12  1x12 1x12,48,0.0,0.0,biceps,,
384,61,2024-04-28,marszobieg,dystans,6km,,0.0,0.0,0.0,0.0,0.0,6km,0,0.0,0.0,bieganie,,
385,62,2024-04-29,bieganie,dystans,3.16,,3.16,0.0,0.0,0.0,0.0,,0,0.0,0.0,bieganie,,
386,62,2024-04-29,bieganie,tempo,4'53,,0.0,0.0,0.0,0.0,0.0,,0,0.0,0.0,bieganie,,
387,62,2024-04-29,bieganie,czas,00:15:27,,0.0,0.0,15.0,27.0,927.0,,0,0.0,0.0,bieganie,,
388,62,2024-04-29,kalistenika,podciąganie nachwytem,x6 x6 x6 x6,,0.0,0.0,0.0,0.0,0.0,1x6 1x6 1x6 1x6,24,0.0,0.0,plecy,,
389,62,2024-04-29,kalistenika,dipy,x6 x6 x6 x6,,0.0,0.0,0.0,0.0,0.0,1x6 1x6 1x6 1x6,24,0.0,0.0,triceps,klatka,
390,62,2024-04-29,kalistenika,podciąganie podchwytem,x6 x6 x6 x6,,0.0,0.0,0.0,0.0,0.0,1x6 1x6 1x6 1x6,24,0.0,0.0,plecy,biceps,
391,62,2024-04-29,kalistenika,pompki,x15 x15 x12 x12,,0.0,0.0,0.0,0.0,0.0,1x15 1x15 1x12 1x12,54,0.0,0.0,klatka,triceps,
392,62,2024-04-29,kalistenika,podciąganie młotek,x3 x3 x3 x3,,0.0,0.0,0.0,0.0,0.0,1x3 1x3 1x3 1x3,12,0.0,0.0,plecy,biceps,
393,62,2024-04-29,kalistenika,pompki pike,x10 x10 x10 x10,,0.0,0.0,0.0,0.0,0.0,1x10 1x10 1x10 1x10,40,0.0,0.0,barki,,
394,62,2024-04-29,kalistenika,podciąganie australijskie nachwytem,x10 x10 x10 x10,,0.0,0.0,0.0,0.0,0.0,1x10 1x10 1x10 1x10,40,0.0,0.0,plecy,,
395,62,2024-04-29,kalistenika,diamenty,x5 x5 x5 x5,,0.0,0.0,0.0,0.0,0.0,1x5 1x5 1x5 1x5,20,0.0,0.0,triceps,klatka,
396,62,2024-04-29,kalistenika,wzniosy nóg,x10 x10 x10 x10,,0.0,0.0,0.0,0.0,0.0,1x10 1x10 1x10 1x10,40,0.0,0.0,brzuch,chwyt,
397,62,2024-04-29,bieganie,dystans,3.19,,3.19,0.0,0.0,0.0,0.0,,0,0.0,0.0,bieganie,,
398,62,2024-04-29,bieganie,tempo,5'28,,0.0,0.0,0.0,0.0,0.0,,0,0.0,0.0,bieganie,,
399,62,2024-04-29,bieganie,czas,00:17:25,,0.0,0.0,17.0,25.0,1045.0,,0,0.0,0.0,bieganie,,
400,63,2024-04-30,bieganie,dystans,15,,15.0,0.0,0.0,0.0,0.0,,0,0.0,0.0,bieganie,,
401,63,2024-04-30,bieganie,tempo,5'17,,0.0,0.0,0.0,0.0,0.0,,0,0.0,0.0,bieganie,,
402,63,2024-04-30,bieganie,czas,01:19:20,,0.0,1.0,19.0,20.0,4760.0,,0,0.0,0.0,bieganie,,
403,64,2024-05-06,kalistenika,podciąganie nachwytem kółka,x8 x8 x8 x8,,0.0,0.0,0.0,0.0,0.0,1x8 1x8 1x8 1x8,32,0.0,0.0,plecy,,
404,64,2024-05-06,kalistenika,dipy kólka,x5 x5 x5 x5,,0.0,0.0,0.0,0.0,0.0,1x5 1x5 1x5 1x5,20,0.0,0.0,triceps,klatka,
405,64,2024-05-06,kalistenika,podciąganie podchwytem,x5 x5 x5 x5,,0.0,0.0,0.0,0.0,0.0,1x5 1x5 1x5 1x5,20,0.0,0.0,plecy,biceps,
406,64,2024-05-06,kalistenika,pompki kółka,x10 x11 x11 x11,,0.0,0.0,0.0,0.0,0.0,1x10 1x11 1x11 1x11,43,0.0,0.0,klatka,triceps,
407,64,2024-05-06,kalistenika,podciąganie australijskie nachwytem kółka,x8 x8 x8 x8,,0.0,0.0,0.0,0.0,0.0,1x8 1x8 1x8 1x8,32,0.0,0.0,plecy,,
408,64,2024-05-06,kalistenika,przysiady na jednej nodze z kółkami,x3 x3 x3 x3,,0.0,0.0,0.0,0.0,0.0,1x3 1x3 1x3 1x3,12,0.0,0.0,,,
409,64,2024-05-06,kalistenika,zwis,4x28/20; 2x20,,0.0,0.0,0.0,0.0,0.0,,0,0.0,0.0,chwyt,przedramie,na czas
410,65,2024-05-07,bieganie,dystans,8,,8.0,0.0,0.0,0.0,0.0,,0,0.0,0.0,bieganie,,
411,65,2024-05-07,bieganie,tempo,4'41,,0.0,0.0,0.0,0.0,0.0,,0,0.0,0.0,bieganie,,
412,65,2024-05-07,bieganie,czas,00:37:34,,0.0,0.0,37.0,34.0,2254.0,,0,0.0,0.0,bieganie,,
413,66,2024-05-08,siłownia,wyciąg górny do klatki,75kg x8 x8 x6 x6,,0.0,0.0,0.0,0.0,0.0,75kg 1x8 1x8 1x6 1x6,28,75.0,2100.0,plecy,,
414,66,2024-05-08,siłownia,wyciskanie na ławce płaskiej,85kg x4 x4 x4; 80kg x5 x4,,0.0,0.0,0.0,0.0,0.0,85kg 1x4 1x4 1x4,12,85.0,1020.0,klatka,triceps,
415,66,2024-05-08,siłownia,wyciskanie na ławce płaskiej,85kg x4 x4 x4; 80kg x5 x4,,0.0,0.0,0.0,0.0,0.0, 80kg 1x5 1x4,9,80.0,720.0,klatka,triceps,
416,66,2024-05-08,siłownia,martwy + ohp,30kg x6 x6 x6 x6,ohp x2,0.0,0.0,0.0,0.0,0.0,30kg 1x6 1x6 1x6 1x6,24,30.0,720.0,barki,nogi,"martwy ciąg, podrzucenie sztangi i przejście do OHP"
417,66,2024-05-08,siłownia,uginanie ramion z obrotem stojąc,17.5kg x8 x8 x8,,0.0,0.0,0.0,0.0,0.0,17.5kg 1x8 1x8 1x8,24,17.5,420.0,biceps,,
418,66,2024-05-08,siłownia,triceps wyciąg,4 duże płytki x10 x10 x10,,0.0,0.0,0.0,0.0,0.0,4 duże płytki 1x10 1x10 1x10,30,0.0,0.0,triceps,,"wyciąg górny, dowolny uchwyt"
419,66,2024-05-08,siłownia,barki bokiem,9kg x10 x10 x10,,0.0,0.0,0.0,0.0,0.0,9kg 1x10 1x10 1x10,30,9.0,270.0,barki,,
420,66,2024-05-08,siłownia,hip trusty na ziemi,30kg x10 x10 x10 x10,,0.0,0.0,0.0,0.0,0.0,30kg 1x10 1x10 1x10 1x10,40,30.0,1200.0,dupa,,
421,66,2024-05-08,siłownia,wzniosy nóg,x6 x6 x6 x6,,0.0,0.0,0.0,0.0,0.0,1x6 1x6 1x6 1x6,24,0.0,0.0,brzuch,chwyt,
422,67,2024-05-10,bieganie,dystans,10,,10.0,0.0,0.0,0.0,0.0,,0,0.0,0.0,bieganie,,
423,67,2024-05-10,bieganie,tempo,4'58,,0.0,0.0,0.0,0.0,0.0,,0,0.0,0.0,bieganie,,
424,67,2024-05-10,bieganie,czas,00:49:42,,0.0,0.0,49.0,42.0,2982.0,,0,0.0,0.0,bieganie,,
425,68,2024-05-13,bieganie,bieg spokojny,8km,,0.0,0.0,0.0,0.0,0.0,,0,0.0,0.0,bieganie,,
426,68,2024-05-13,bieganie,sprint,8x100m; 100m spacerem,,0.0,0.0,0.0,0.0,0.0,,0,0.0,0.0,bieganie,,do notowania z przerwami
427,68,2024-05-13,bieganie,dystans,9.53,,9.53,0.0,0.0,0.0,0.0,,0,0.0,0.0,bieganie,,
428,68,2024-05-13,bieganie,tempo,4'59,,0.0,0.0,0.0,0.0,0.0,,0,0.0,0.0,bieganie,,
429,68,2024-05-13,bieganie,czas,00:47:31,,0.0,0.0,47.0,31.0,2851.0,,0,0.0,0.0,bieganie,,
430,69,2024-05-14,siłownia,wyciskanie na ławce płaskiej,85kg x5 x5 x5; 60kg x15,,0.0,0.0,0.0,0.0,0.0,85kg 1x5 1x5 1x5,15,85.0,1275.0,klatka,triceps,
431,69,2024-05-14,siłownia,wyciskanie na ławce płaskiej,85kg x5 x5 x5; 60kg x15,,0.0,0.0,0.0,0.0,0.0, 60kg 1x15,15,60.0,900.0,klatka,triceps,
432,69,2024-05-14,siłownia,przysiady,40kg x5 x5 x5,,0.0,0.0,0.0,0.0,0.0,40kg 1x5 1x5 1x5,15,40.0,600.0,nogi,,
433,69,2024-05-14,siłownia,wyciąg górny do klatki,75kg x9 x9 x9,cieeezko,0.0,0.0,0.0,0.0,0.0,75kg 1x9 1x9 1x9,27,75.0,2025.0,plecy,,
434,69,2024-05-14,siłownia,uginanie ramion z obrotem stojąc,15kg x12 x12 x12,,0.0,0.0,0.0,0.0,0.0,15kg 1x12 1x12 1x12,36,15.0,540.0,biceps,,
435,69,2024-05-14,siłownia,triceps wyciąg,4 płytki x12; 5 płytek x12 x12,,0.0,0.0,0.0,0.0,0.0,4 płytki 1x12,12,0.0,0.0,triceps,,"wyciąg górny, dowolny uchwyt"
436,69,2024-05-14,siłownia,triceps wyciąg,4 płytki x12; 5 płytek x12 x12,,0.0,0.0,0.0,0.0,0.0, 5 płytek 1x12 1x12,24,0.0,0.0,triceps,,"wyciąg górny, dowolny uchwyt"
437,69,2024-05-14,siłownia,barki tyl w opadzie,5kg x10 x10 x10,,0.0,0.0,0.0,0.0,0.0,5kg 1x10 1x10 1x10,30,5.0,150.0,barki,,
438,69,2024-05-14,siłownia,hip trusty na ziemi,30kg x12 x12 x12,,0.0,0.0,0.0,0.0,0.0,30kg 1x12 1x12 1x12,36,30.0,1080.0,dupa,,
439,69,2024-05-14,siłownia,zwis,,,0.0,0.0,0.0,0.0,0.0,,0,0.0,0.0,chwyt,przedramie,na czas
440,70,2024-05-15,bieganie,bieg spokojny,3km,,0.0,0.0,0.0,0.0,0.0,,0,0.0,0.0,bieganie,,
441,70,2024-05-15,bieganie,bieg w tempie,2km 4'30,,0.0,0.0,0.0,0.0,0.0,,0,0.0,0.0,bieganie,,
442,70,2024-05-15,bieganie,bieg spokojny,2min,,0.0,0.0,0.0,0.0,0.0,,0,0.0,0.0,bieganie,,
443,70,2024-05-15,bieganie,bieg w tempie,2km 4'30,,0.0,0.0,0.0,0.0,0.0,,0,0.0,0.0,bieganie,,
444,70,2024-05-15,bieganie,bieg regeneracja,2min,,0.0,0.0,0.0,0.0,0.0,,0,0.0,0.0,bieganie,,
445,70,2024-05-15,bieganie,bieg spokojny,4km,byly 3 serie w planach ale nie bylo sily na trzecią,0.0,0.0,0.0,0.0,0.0,,0,0.0,0.0,bieganie,,
446,70,2024-05-15,bieganie,dystans,11.67km,,11.67,0.0,0.0,0.0,0.0,,0,0.0,0.0,bieganie,,
447,70,2024-05-15,bieganie,tempo,5'10,,0.0,0.0,0.0,0.0,0.0,,0,0.0,0.0,bieganie,,
448,70,2024-05-15,bieganie,czas,01:00:16,,0.0,1.0,0.0,16.0,3616.0,,0,0.0,0.0,bieganie,,
449,71,2024-05-17,kalistenika,podciąganie nachwytem,x6 x6 x6 x6,,0.0,0.0,0.0,0.0,0.0,1x6 1x6 1x6 1x6,24,0.0,0.0,plecy,,
450,71,2024-05-17,kalistenika,dipy,x6 x6 x6 x6,,0.0,0.0,0.0,0.0,0.0,1x6 1x6 1x6 1x6,24,0.0,0.0,triceps,klatka,
451,71,2024-05-17,kalistenika,wykroki,x8 x6 x6,,0.0,0.0,0.0,0.0,0.0,1x8 1x6 1x6,20,0.0,0.0,nogi,,
452,71,2024-05-17,kalistenika,podciąganie podchwytem,x6 x6 x6 x6,,0.0,0.0,0.0,0.0,0.0,1x6 1x6 1x6 1x6,24,0.0,0.0,plecy,biceps,
453,71,2024-05-17,kalistenika,pompki,x20 x20 x15 x15,,0.0,0.0,0.0,0.0,0.0,1x20 1x20 1x15 1x15,70,0.0,0.0,klatka,triceps,
454,71,2024-05-17,kalistenika,podciąganie australijskie nachwytem,x10 x10 x10 x10,,0.0,0.0,0.0,0.0,0.0,1x10 1x10 1x10 1x10,40,0.0,0.0,plecy,,
455,71,2024-05-17,kalistenika,pompki pike,x10 x10 x10 x10,,0.0,0.0,0.0,0.0,0.0,1x10 1x10 1x10 1x10,40,0.0,0.0,barki,,
456,72,2024-05-18,bieganie,dystans,16,,16.0,0.0,0.0,0.0,0.0,,0,0.0,0.0,bieganie,,
457,72,2024-05-18,bieganie,tempo,4'58,,0.0,0.0,0.0,0.0,0.0,,0,0.0,0.0,bieganie,,
458,72,2024-05-18,bieganie,czas,01:19:32,,0.0,1.0,19.0,32.0,4772.0,,0,0.0,0.0,bieganie,,
459,73,2024-05-21,siłownia,martwy + ohp,40kg x5 x5 x5 x5,,0.0,0.0,0.0,0.0,0.0,40kg 1x5 1x5 1x5 1x5,20,40.0,800.0,barki,nogi,"martwy ciąg, podrzucenie sztangi i przejście do OHP"
460,73,2024-05-21,siłownia,wyciskanie na ławce płaskiej,87.5kg x3 x3 x3; 60kg x16,,0.0,0.0,0.0,0.0,0.0,87.5kg 1x3 1x3 1x3,9,87.5,787.5,klatka,triceps,
461,73,2024-05-21,siłownia,wyciskanie na ławce płaskiej,87.5kg x3 x3 x3; 60kg x16,,0.0,0.0,0.0,0.0,0.0, 60kg 1x16,16,60.0,960.0,klatka,triceps,
462,73,2024-05-21,siłownia,podciąganie nachwytem,x5 x5 x5 x5,,0.0,0.0,0.0,0.0,0.0,1x5 1x5 1x5 1x5,20,0.0,0.0,plecy,,
463,73,2024-05-21,siłownia,modlitewnik sztanga,10kg x12 x12,,0.0,0.0,0.0,0.0,0.0,10kg 1x12 1x12,24,10.0,240.0,biceps,,
464,73,2024-05-21,siłownia,triceps wyciąg,5 płytek x12; 6 płytek x12,,0.0,0.0,0.0,0.0,0.0,5 płytek 1x12,12,0.0,0.0,triceps,,"wyciąg górny, dowolny uchwyt"
465,73,2024-05-21,siłownia,triceps wyciąg,5 płytek x12; 6 płytek x12,,0.0,0.0,0.0,0.0,0.0, 6 płytek 1x12,12,0.0,0.0,triceps,,"wyciąg górny, dowolny uchwyt"
466,73,2024-05-21,siłownia,barki bokiem,10kg x10 x10 x10,,0.0,0.0,0.0,0.0,0.0,10kg 1x10 1x10 1x10,30,10.0,300.0,barki,,
467,73,2024-05-21,siłownia,hip trusty jedna noga,10kg x8 x8 x8,,0.0,0.0,0.0,0.0,0.0,10kg 1x8 1x8 1x8,24,10.0,240.0,dupa,,
468,73,2024-05-21,siłownia,wzniosy nóg,x5 x6 x6,,0.0,0.0,0.0,0.0,0.0,1x5 1x6 1x6,17,0.0,0.0,brzuch,chwyt,
469,74,2024-05-23,bieganie,dystans,7.7,,7.7,0.0,0.0,0.0,0.0,,0,0.0,0.0,bieganie,,
470,74,2024-05-23,bieganie,tempo,5'36,,0.0,0.0,0.0,0.0,0.0,,0,0.0,0.0,bieganie,,
471,74,2024-05-23,bieganie,czas,00:43:12,,0.0,0.0,43.0,12.0,2592.0,,0,0.0,0.0,bieganie,,
472,75,2024-06-05,kalistenika,podciąganie nachwytem,x5 x7 x11 x8,,0.0,0.0,0.0,0.0,0.0,1x5 1x7 1x11 1x8,31,0.0,0.0,plecy,,
473,75,2024-06-05,kalistenika,dipy,x10 x10 x10,,0.0,0.0,0.0,0.0,0.0,1x10 1x10 1x10,30,0.0,0.0,triceps,klatka,
474,75,2024-06-05,kalistenika,pompki,x15 x15 x15,,0.0,0.0,0.0,0.0,0.0,1x15 1x15 1x15,45,0.0,0.0,klatka,triceps,
475,75,2024-06-05,kalistenika,podciąganie podchwytem,x5 x5 x5,,0.0,0.0,0.0,0.0,0.0,1x5 1x5 1x5,15,0.0,0.0,plecy,biceps,
476,75,2024-06-05,kalistenika,zwis,1min,,0.0,0.0,0.0,0.0,0.0,,0,0.0,0.0,chwyt,przedramie,na czas
477,76,2024-06-06,bieganie,dystans,6,,6.0,0.0,0.0,0.0,0.0,,0,0.0,0.0,bieganie,,
478,76,2024-06-06,bieganie,tempo,5'15,,0.0,0.0,0.0,0.0,0.0,,0,0.0,0.0,bieganie,,
479,76,2024-06-06,bieganie,czas,00:31:32,,0.0,0.0,31.0,32.0,1892.0,,0,0.0,0.0,bieganie,,
480,77,2024-06-07,siłownia,wyciskanie na ławce płaskiej,85kg x5 x5 x5; 60kg x17,,0.0,0.0,0.0,0.0,0.0,85kg 1x5 1x5 1x5,15,85.0,1275.0,klatka,triceps,
481,77,2024-06-07,siłownia,wyciskanie na ławce płaskiej,85kg x5 x5 x5; 60kg x17,,0.0,0.0,0.0,0.0,0.0, 60kg 1x17,17,60.0,1020.0,klatka,triceps,
482,77,2024-06-07,siłownia,przysiady,50kg x8 x8 x8,,0.0,0.0,0.0,0.0,0.0,50kg 1x8 1x8 1x8,24,50.0,1200.0,nogi,,
483,77,2024-06-07,siłownia,wyciąg poziomy do klatki,54.5 x12 x12 x12,,0.0,0.0,0.0,0.0,0.0,54.5 1x12 1x12 1x12,36,0.0,0.0,plecy,biceps,
484,77,2024-06-07,siłownia,wyciąg górny do klatki,78.5 x5 x5 x5,,0.0,0.0,0.0,0.0,0.0,78.5 1x5 1x5 1x5,15,0.0,0.0,plecy,,
485,77,2024-06-07,siłownia,dipy maszyna,60kg x10; 80kg x15 x20 x15,,0.0,0.0,0.0,0.0,0.0,60kg 1x10,10,60.0,600.0,triceps,klatka,
486,77,2024-06-07,siłownia,dipy maszyna,60kg x10; 80kg x15 x20 x15,,0.0,0.0,0.0,0.0,0.0, 80kg 1x15 1x20 1x15,50,80.0,4000.0,triceps,klatka,
487,77,2024-06-07,siłownia,modlitewnik maszyna,20kg x15; 25kg x10 x10 x10,,0.0,0.0,0.0,0.0,0.0,20kg 1x15,15,20.0,300.0,biceps,,
488,77,2024-06-07,siłownia,modlitewnik maszyna,20kg x15; 25kg x10 x10 x10,,0.0,0.0,0.0,0.0,0.0, 25kg 1x10 1x10 1x10,30,25.0,750.0,biceps,,
489,77,2024-06-07,siłownia,barki bokiem,10kg x10x 10 x10 x10,,0.0,0.0,0.0,0.0,0.0,10kg 1x10x 10 1x10 1x10,30,10.0,300.0,barki,,
490,77,2024-06-07,siłownia,hip trusty maszyna,25kg x5 x5 x5,,0.0,0.0,0.0,0.0,0.0,25kg 1x5 1x5 1x5,15,25.0,375.0,dupa,,
491,77,2024-06-07,siłownia,zwis,4x30s 2x15s,,0.0,0.0,0.0,0.0,0.0,,0,0.0,0.0,chwyt,przedramie,na czas
492,78,2024-06-08,bieganie,dystans,10,,10.0,0.0,0.0,0.0,0.0,,0,0.0,0.0,bieganie,,
493,78,2024-06-08,bieganie,tempo,4'58,,0.0,0.0,0.0,0.0,0.0,,0,0.0,0.0,bieganie,,
494,78,2024-06-08,bieganie,czas,00:49:46,,0.0,0.0,49.0,46.0,2986.0,,0,0.0,0.0,bieganie,,
495,79,2024-06-11,bieganie,bieg spokojny,8km,,0.0,0.0,0.0,0.0,0.0,,0,0.0,0.0,bieganie,,
496,79,2024-06-11,bieganie,sprint,8x100m/100m,,0.0,0.0,0.0,0.0,0.0,,0,0.0,0.0,bieganie,,do notowania z przerwami
497,79,2024-06-11,bieganie,dystans,9.53,,9.53,0.0,0.0,0.0,0.0,,0,0.0,0.0,bieganie,,
498,79,2024-06-11,bieganie,tempo,5'37,,0.0,0.0,0.0,0.0,0.0,,0,0.0,0.0,bieganie,,
499,79,2024-06-11,bieganie,czas,00:53:30,,0.0,0.0,53.0,30.0,3210.0,,0,0.0,0.0,bieganie,,
500,80,2024-06-12,siłownia,wyciskanie na ławce płaskiej,87.5kg x4 x3 x3; 60kg x18,,0.0,0.0,0.0,0.0,0.0,87.5kg 1x4 1x3 1x3,10,87.5,875.0,klatka,triceps,
501,80,2024-06-12,siłownia,wyciskanie na ławce płaskiej,87.5kg x4 x3 x3; 60kg x18,,0.0,0.0,0.0,0.0,0.0, 60kg 1x18,18,60.0,1080.0,klatka,triceps,
502,80,2024-06-12,siłownia,leg press,64kg x8 x8; 73kg x10,,0.0,0.0,0.0,0.0,0.0,64kg 1x8 1x8,16,64.0,1024.0,nogi,,
503,80,2024-06-12,siłownia,leg press,64kg x8 x8; 73kg x10,,0.0,0.0,0.0,0.0,0.0, 73kg 1x10,10,73.0,730.0,nogi,,
504,80,2024-06-12,siłownia,maszyna mid row,50kg x13 x13 x13,,0.0,0.0,0.0,0.0,0.0,50kg 1x13 1x13 1x13,39,50.0,1950.0,plecy,,
505,80,2024-06-12,siłownia,wyciąg górny do klatki,68kg x8 x8 x8,,0.0,0.0,0.0,0.0,0.0,68kg 1x8 1x8 1x8,24,68.0,1632.0,plecy,,
506,80,2024-06-12,siłownia,wyciskanie francuskie 1 hantel,20kg x12; 22.5kg x10 x10,,0.0,0.0,0.0,0.0,0.0,20kg 1x12,12,20.0,240.0,triceps,,
507,80,2024-06-12,siłownia,wyciskanie francuskie 1 hantel,20kg x12; 22.5kg x10 x10,,0.0,0.0,0.0,0.0,0.0, 22.5kg 1x10 1x10,20,22.5,450.0,triceps,,
508,80,2024-06-12,siłownia,uginanie ramion z obrotem stojąc,17.5kg x8 x8 x8 x8,,0.0,0.0,0.0,0.0,0.0,17.5kg 1x8 1x8 1x8 1x8,32,17.5,560.0,biceps,,
509,80,2024-06-12,siłownia,ohp,40kg x8 x8 x8,,0.0,0.0,0.0,0.0,0.0,40kg 1x8 1x8 1x8,24,40.0,960.0,barki,,
510,80,2024-06-12,siłownia,hip trusty na ziemi,jedna noga x8 x8 x8 dwie nogi +12kg x12,,0.0,0.0,0.0,0.0,0.0,jedna noga 1x8 1x8 1x8 dwie nogi +12kg 1x12,36,12.0,432.0,dupa,,
511,80,2024-06-12,siłownia,zwis,55s 40s 30s 30s,,0.0,0.0,0.0,0.0,0.0,,0,0.0,0.0,chwyt,przedramie,na czas
512,81,2024-06-15,bieganie,dystans,3.11,,3.11,0.0,0.0,0.0,0.0,,0,0.0,0.0,bieganie,,
513,81,2024-06-15,bieganie,tempo,4'36,,0.0,0.0,0.0,0.0,0.0,,0,0.0,0.0,bieganie,,
514,81,2024-06-15,bieganie,czas,00:14:18,,0.0,0.0,14.0,18.0,858.0,,0,0.0,0.0,bieganie,,
515,81,2024-06-15,kalistenika,muscle up z wyskoku,x3 x2 x2,,0.0,0.0,0.0,0.0,0.0,1x3 1x2 1x2,7,0.0,0.0,plecy,triceps,
516,81,2024-06-15,kalistenika,frog stand,10s 5s,,0.0,0.0,0.0,0.0,0.0,,0,0.0,0.0,barki,,na czas
517,81,2024-06-15,kalistenika,l sit,4s 1s,,0.0,0.0,0.0,0.0,0.0,4s 1s,0,0.0,0.0,,,
518,81,2024-06-15,kalistenika,podciąganie nachwytem,x8 x8 x5 x6,,0.0,0.0,0.0,0.0,0.0,1x8 1x8 1x5 1x6,27,0.0,0.0,plecy,,
519,81,2024-06-15,kalistenika,dipy,x10 x10 x8 x8,,0.0,0.0,0.0,0.0,0.0,1x10 1x10 1x8 1x8,36,0.0,0.0,triceps,klatka,
520,81,2024-06-15,kalistenika,przysiady,x8 x8 x8 x8,,0.0,0.0,0.0,0.0,0.0,1x8 1x8 1x8 1x8,32,0.0,0.0,nogi,,
521,81,2024-06-15,kalistenika,podciąganie podchwytem,x6 x6 x6 x6,,0.0,0.0,0.0,0.0,0.0,1x6 1x6 1x6 1x6,24,0.0,0.0,plecy,biceps,
522,81,2024-06-15,kalistenika,pompki,x15 x15 x15 x15,,0.0,0.0,0.0,0.0,0.0,1x15 1x15 1x15 1x15,60,0.0,0.0,klatka,triceps,
523,81,2024-06-15,kalistenika,wykroki,x12 x12 x12 x12,,0.0,0.0,0.0,0.0,0.0,1x12 1x12 1x12 1x12,48,0.0,0.0,nogi,,
524,81,2024-06-15,kalistenika,podciąganie australijskie nachwytem,x12 x12 x12,,0.0,0.0,0.0,0.0,0.0,1x12 1x12 1x12,36,0.0,0.0,plecy,,
525,81,2024-06-15,kalistenika,pompki pike,x10 x10 x10,,0.0,0.0,0.0,0.0,0.0,1x10 1x10 1x10,30,0.0,0.0,barki,,
526,81,2024-06-15,kalistenika,diamenty,x5 x5 x5,,0.0,0.0,0.0,0.0,0.0,1x5 1x5 1x5,15,0.0,0.0,triceps,klatka,
527,81,2024-06-15,kalistenika,wzniosy nóg,x8 x8 x8,,0.0,0.0,0.0,0.0,0.0,1x8 1x8 1x8,24,0.0,0.0,brzuch,chwyt,
528,81,2024-06-15,bieganie,dystans,5,,5.0,0.0,0.0,0.0,0.0,,0,0.0,0.0,bieganie,,
529,81,2024-06-15,bieganie,tempo,5'23,,0.0,0.0,0.0,0.0,0.0,,0,0.0,0.0,bieganie,,
530,81,2024-06-15,bieganie,czas,00:26:57,,0.0,0.0,26.0,57.0,1617.0,,0,0.0,0.0,bieganie,,
531,82,2024-06-16,bieganie,dystans,14,,14.0,0.0,0.0,0.0,0.0,,0,0.0,0.0,bieganie,,
532,82,2024-06-16,bieganie,tempo,4'55,,0.0,0.0,0.0,0.0,0.0,,0,0.0,0.0,bieganie,,
533,82,2024-06-16,bieganie,czas,01:08:54,,0.0,1.0,8.0,54.0,4134.0,,0,0.0,0.0,bieganie,,
534,83,2024-06-17,bieganie,bieg spokojny,8.4,,0.0,0.0,0.0,0.0,0.0,,0,0.0,0.0,bieganie,,
535,83,2024-06-17,bieganie,sprint,8x100/100,,0.0,0.0,0.0,0.0,0.0,,0,0.0,0.0,bieganie,,do notowania z przerwami
536,83,2024-06-17,bieganie,dystans,10,,10.0,0.0,0.0,0.0,0.0,,0,0.0,0.0,bieganie,,
537,83,2024-06-17,bieganie,tempo,5'31,,0.0,0.0,0.0,0.0,0.0,,0,0.0,0.0,bieganie,,
538,83,2024-06-17,bieganie,czas,00:55:23,,0.0,0.0,55.0,23.0,3323.0,,0,0.0,0.0,bieganie,,
539,84,2024-06-20,siłownia,wyciskanie na ławce płaskiej,87.5 x5 x5 x5; 60kg x19,,0.0,0.0,0.0,0.0,0.0,87.5 1x5 1x5 1x5,15,0.0,0.0,klatka,triceps,
540,84,2024-06-20,siłownia,wyciskanie na ławce płaskiej,87.5 x5 x5 x5; 60kg x19,,0.0,0.0,0.0,0.0,0.0, 60kg 1x19,19,60.0,1140.0,klatka,triceps,
541,84,2024-06-20,siłownia,przysiady,60kg x5 x5 x5 x5,,0.0,0.0,0.0,0.0,0.0,60kg 1x5 1x5 1x5 1x5,20,60.0,1200.0,nogi,,
542,84,2024-06-20,siłownia,podciąganie nachwytem,10kg x3 x3 x3,,0.0,0.0,0.0,0.0,0.0,10kg 1x3 1x3 1x3,9,10.0,90.0,plecy,,
543,84,2024-06-20,siłownia,podciąganie podchwytem,10kg x5 x4,,0.0,0.0,0.0,0.0,0.0,10kg 1x5 1x4,9,10.0,90.0,plecy,biceps,
544,84,2024-06-20,siłownia,dipy maszyna,90kg x20 x20 x15 x16,,0.0,0.0,0.0,0.0,0.0,90kg 1x20 1x20 1x15 1x16,71,90.0,6390.0,triceps,klatka,
545,84,2024-06-20,siłownia,modlitewnik maszyna,25kg x12 x12 x12,,0.0,0.0,0.0,0.0,0.0,25kg 1x12 1x12 1x12,36,25.0,900.0,biceps,,
546,84,2024-06-20,siłownia,wznosy nad głowę maszyna,40kg x20 60kg x10 x10 x6,,0.0,0.0,0.0,0.0,0.0,40kg 1x20 60kg 1x10 1x10 1x6,46,40.0,1840.0,barki,,
547,84,2024-06-20,siłownia,wiosłowanie maszyna,60kg x10 x10 x10 x10,,0.0,0.0,0.0,0.0,0.0,60kg 1x10 1x10 1x10 1x10,40,60.0,2400.0,plecy,,
548,84,2024-06-20,siłownia,hip trusty maszyna,30kg x6 x6 x6 x6,,0.0,0.0,0.0,0.0,0.0,30kg 1x6 1x6 1x6 1x6,24,30.0,720.0,dupa,,
549,84,2024-06-20,siłownia,zwis,,,0.0,0.0,0.0,0.0,0.0,,0,0.0,0.0,chwyt,przedramie,na czas
550,85,2024-06-21,bieganie,bieg spokojny,3km,,0.0,0.0,0.0,0.0,0.0,,0,0.0,0.0,bieganie,,
551,85,2024-06-21,bieganie,bieg w tempie,2km 4'45,,0.0,0.0,0.0,0.0,0.0,,0,0.0,0.0,bieganie,,
552,85,2024-06-21,bieganie,bieg regeneracja,2min,,0.0,0.0,0.0,0.0,0.0,,0,0.0,0.0,bieganie,,
553,85,2024-06-21,bieganie,bieg w tempie,2km 4'45,,0.0,0.0,0.0,0.0,0.0,,0,0.0,0.0,bieganie,,
554,85,2024-06-21,bieganie,bieg spokojny,2.6km,,0.0,0.0,0.0,0.0,0.0,,0,0.0,0.0,bieganie,,
555,85,2024-06-21,bieganie,dystans,10,,10.0,0.0,0.0,0.0,0.0,,0,0.0,0.0,bieganie,,
556,85,2024-06-21,bieganie,tempo,4'55,,0.0,0.0,0.0,0.0,0.0,,0,0.0,0.0,bieganie,,
557,85,2024-06-21,bieganie,czas,00:49:14,,0.0,0.0,49.0,14.0,2954.0,,0,0.0,0.0,bieganie,,
558,86,2024-06-25,siłownia,wyciskanie na ławce płaskiej,90kg x3 x3 x3; 60kg x20,,0.0,0.0,0.0,0.0,0.0,90kg 1x3 1x3 1x3,9,90.0,810.0,klatka,triceps,
559,86,2024-06-25,siłownia,wyciskanie na ławce płaskiej,90kg x3 x3 x3; 60kg x20,,0.0,0.0,0.0,0.0,0.0, 60kg 1x20,20,60.0,1200.0,klatka,triceps,
560,86,2024-06-25,siłownia,ohp,45kg x8 x8 x6 x6,,0.0,0.0,0.0,0.0,0.0,45kg 1x8 1x8 1x6 1x6,28,45.0,1260.0,barki,,
561,86,2024-06-25,siłownia,martwy ciąg,60kg x6 x6 x6 x6,,0.0,0.0,0.0,0.0,0.0,60kg 1x6 1x6 1x6 1x6,24,60.0,1440.0,nogi,,
562,86,2024-06-25,siłownia,podciąganie nachwytem,10kg x4 x4 x4,,0.0,0.0,0.0,0.0,0.0,10kg 1x4 1x4 1x4,12,10.0,120.0,plecy,,
563,86,2024-06-25,siłownia,podciąganie podchwytem,10kg x6 x6,,0.0,0.0,0.0,0.0,0.0,10kg 1x6 1x6,12,10.0,120.0,plecy,biceps,
564,86,2024-06-25,siłownia,modlitewnik maszyna,27.5kg x10 x10 x10 x8,,0.0,0.0,0.0,0.0,0.0,27.5kg 1x10 1x10 1x10 1x8,38,27.5,1045.0,biceps,,
565,86,2024-06-25,siłownia,wyciskanie francuskie 1 hantel,25kg x10 x10x 10 x10,,0.0,0.0,0.0,0.0,0.0,25kg 1x10 1x10x 10 1x10,30,25.0,750.0,triceps,,
566,86,2024-06-25,siłownia,barki bokiem,10kg x10 x10 x10 x10,,0.0,0.0,0.0,0.0,0.0,10kg 1x10 1x10 1x10 1x10,40,10.0,400.0,barki,,
567,87,2024-06-26,bieganie,bieg spokojny,2.7km,,0.0,0.0,0.0,0.0,0.0,,0,0.0,0.0,bieganie,,
568,87,2024-06-26,bieganie,podbiegi,500/500,,0.0,0.0,0.0,0.0,0.0,,0,0.0,0.0,bieganie,,
569,87,2024-06-26,bieganie,bieg spokojny,2.3km,,0.0,0.0,0.0,0.0,0.0,,0,0.0,0.0,bieganie,,
570,87,2024-06-26,bieganie,dystans,11km,,11.0,0.0,0.0,0.0,0.0,,0,0.0,0.0,bieganie,,
571,87,2024-06-26,bieganie,tempo,5'24,,0.0,0.0,0.0,0.0,0.0,,0,0.0,0.0,bieganie,,
572,87,2024-06-26,bieganie,czas,00:59:34,,0.0,0.0,59.0,34.0,3574.0,,0,0.0,0.0,bieganie,,
573,88,2024-06-28,bieganie,bieg spokojny,3km,,0.0,0.0,0.0,0.0,0.0,,0,0.0,0.0,bieganie,,
574,88,2024-06-28,bieganie,bieg w tempie,"3 serie po 4x500m 4:30/1min przerwy, 3 min przerwy między seriami",,0.0,0.0,0.0,0.0,0.0,,0,0.0,0.0,bieganie,,
575,88,2024-06-28,bieganie,bieg spokojny,2km,,0.0,0.0,0.0,0.0,0.0,,0,0.0,0.0,bieganie,,
576,88,2024-06-28,bieganie,dystans,13.63,,13.63,0.0,0.0,0.0,0.0,,0,0.0,0.0,bieganie,,
577,88,2024-06-28,bieganie,tempo,5'08,,0.0,0.0,0.0,0.0,0.0,,0,0.0,0.0,bieganie,,
578,88,2024-06-28,bieganie,czas,01:09:58,,0.0,1.0,9.0,58.0,4198.0,,0,0.0,0.0,bieganie,,
579,89,2024-06-29,kalistenika,podciąganie nachwytem kółka,x10 x9 x7 x8,,0.0,0.0,0.0,0.0,0.0,1x10 1x9 1x7 1x8,34,0.0,0.0,plecy,,
580,89,2024-06-29,kalistenika,podciąganie podchwytem,x6 x7 x7 x6,s1,0.0,0.0,0.0,0.0,0.0,1x6 1x7 1x7 1x6,26,0.0,0.0,plecy,biceps,
581,89,2024-06-29,kalistenika,dipy kólka,x7 x6 x3 x5,s1,0.0,0.0,0.0,0.0,0.0,1x7 1x6 1x3 1x5,21,0.0,0.0,triceps,klatka,
582,89,2024-06-29,kalistenika,przysiady na jednej nodze z kółkami,x4 x4 x4 x4,s1,0.0,0.0,0.0,0.0,0.0,1x4 1x4 1x4 1x4,16,0.0,0.0,,,
583,89,2024-06-29,kalistenika,podciąganie australijskie nachwytem,x10 x10 x10 x10,s2,0.0,0.0,0.0,0.0,0.0,1x10 1x10 1x10 1x10,40,0.0,0.0,plecy,,
584,89,2024-06-29,kalistenika,l sit,3s 5s 5s 5s,s2,0.0,0.0,0.0,0.0,0.0,3s 5s 5s 5s,0,0.0,0.0,,,
585,89,2024-06-29,kalistenika,frog stand,8s 10s 10s 10s,s2,0.0,0.0,0.0,0.0,0.0,,0,0.0,0.0,barki,,na czas
586,89,2024-06-29,kalistenika,pompki kółka,x15 x15 x15 x15,s3,0.0,0.0,0.0,0.0,0.0,1x15 1x15 1x15 1x15,60,0.0,0.0,klatka,triceps,
587,89,2024-06-29,kalistenika,pompki pike kólka,x7 x6 x6 x6,s3,0.0,0.0,0.0,0.0,0.0,1x7 1x6 1x6 1x6,25,0.0,0.0,barki,,
588,89,2024-06-29,kalistenika,diamenty,x6 x7 x6 x6,s3,0.0,0.0,0.0,0.0,0.0,1x6 1x7 1x6 1x6,25,0.0,0.0,triceps,klatka,
589,89,2024-06-29,kalistenika,zwis,jedna ręką na ręczniku 2x20s 2x20s 2x20s 2x20s,s3,0.0,0.0,0.0,0.0,0.0,,0,0.0,0.0,chwyt,przedramie,na czas
590,90,2024-06-30,bieganie,dystans,22,,22.0,0.0,0.0,0.0,0.0,,0,0.0,0.0,bieganie,,
591,90,2024-06-30,bieganie,tempo,5'18,,0.0,0.0,0.0,0.0,0.0,,0,0.0,0.0,bieganie,,
592,90,2024-06-30,bieganie,czas,01:56:33,,0.0,1.0,56.0,33.0,6993.0,,0,0.0,0.0,bieganie,,
593,91,2024-07-02,bieganie,bieg spokojny,6km,4'44,0.0,0.0,0.0,0.0,0.0,,0,0.0,0.0,bieganie,,
594,91,2024-07-02,bieganie,sprint,100/100x10,,0.0,0.0,0.0,0.0,0.0,,0,0.0,0.0,bieganie,,do notowania z przerwami
595,91,2024-07-02,bieganie,dystans,8,,8.0,0.0,0.0,0.0,0.0,,0,0.0,0.0,bieganie,,
596,91,2024-07-02,bieganie,tempo,5'09,,0.0,0.0,0.0,0.0,0.0,,0,0.0,0.0,bieganie,,
597,91,2024-07-02,bieganie,czas,00:41:22,,0.0,0.0,41.0,22.0,2482.0,,0,0.0,0.0,bieganie,,
598,92,2024-07-04,siłownia,wyciskanie na ławce płaskiej,90kg x5 x5 x4; 70kg x12,,0.0,0.0,0.0,0.0,0.0,90kg 1x5 1x5 1x4,14,90.0,1260.0,klatka,triceps,
599,92,2024-07-04,siłownia,wyciskanie na ławce płaskiej,90kg x5 x5 x4; 70kg x12,,0.0,0.0,0.0,0.0,0.0, 70kg 1x12,12,70.0,840.0,klatka,triceps,
600,92,2024-07-04,siłownia,przysiady,70kg x5 x5 x5 x5,,0.0,0.0,0.0,0.0,0.0,70kg 1x5 1x5 1x5 1x5,20,70.0,1400.0,nogi,,
601,92,2024-07-04,siłownia,podciąganie nachwytem,10kg x3 x4 x5,nie było pasa,0.0,0.0,0.0,0.0,0.0,10kg 1x3 1x4 1x5,12,10.0,120.0,plecy,,
602,92,2024-07-04,siłownia,podciąganie podchwytem,10kg x6 x6,,0.0,0.0,0.0,0.0,0.0,10kg 1x6 1x6,12,10.0,120.0,plecy,biceps,
603,92,2024-07-04,siłownia,dipy maszyna,110kg x10 x10 x10 x10,,0.0,0.0,0.0,0.0,0.0,110kg 1x10 1x10 1x10 1x10,40,110.0,4400.0,triceps,klatka,
604,92,2024-07-04,siłownia,modlitewnik maszyna,27.5kg x12 x12 x12 x8,,0.0,0.0,0.0,0.0,0.0,27.5kg 1x12 1x12 1x12 1x8,44,27.5,1210.0,biceps,,
605,92,2024-07-04,siłownia,wyciskanie hantli nad głowę,22.5kg x10 x10 x10 x10,,0.0,0.0,0.0,0.0,0.0,22.5kg 1x10 1x10 1x10 1x10,40,22.5,900.0,barki,,
606,92,2024-07-04,siłownia,hip trusty maszyna,30kg x8 x8 x8 x8,,0.0,0.0,0.0,0.0,0.0,30kg 1x8 1x8 1x8 1x8,32,30.0,960.0,dupa,,
607,92,2024-07-04,siłownia,barki bokiem,10kg x12 x12 x12,,0.0,0.0,0.0,0.0,0.0,10kg 1x12 1x12 1x12,36,10.0,360.0,barki,,
608,92,2024-07-04,siłownia,wzniosy nóg,x8 x6 x6 x8,,0.0,0.0,0.0,0.0,0.0,1x8 1x6 1x6 1x8,28,0.0,0.0,brzuch,chwyt,
609,93,2024-07-06,kalistenika,podciąganie nachwytem kółka,x11 x9 x8 x7,s1,0.0,0.0,0.0,0.0,0.0,1x11 1x9 1x8 1x7,35,0.0,0.0,plecy,,
610,93,2024-07-06,kalistenika,diamenty,x9 x9 x9 x10,s1,0.0,0.0,0.0,0.0,0.0,1x9 1x9 1x9 1x10,37,0.0,0.0,triceps,klatka,
611,93,2024-07-06,kalistenika,wykroki,x12 x12 x12 x12,s1,0.0,0.0,0.0,0.0,0.0,1x12 1x12 1x12 1x12,48,0.0,0.0,nogi,,
612,93,2024-07-06,kalistenika,podciąganie podchwytem,x8 x6 x6 x7,s2,0.0,0.0,0.0,0.0,0.0,1x8 1x6 1x6 1x7,27,0.0,0.0,plecy,biceps,
613,93,2024-07-06,kalistenika,pompki kółka,x16 x10 x16 x16,s2,0.0,0.0,0.0,0.0,0.0,1x16 1x10 1x16 1x16,58,0.0,0.0,klatka,triceps,
614,93,2024-07-06,kalistenika,frog stand,15s 13s 15s 16s,s2,0.0,0.0,0.0,0.0,0.0,,0,0.0,0.0,barki,,na czas
615,93,2024-07-06,kalistenika,podciąganie australijskie  podchywtem,x12 x12 x12 x12,s3,0.0,0.0,0.0,0.0,0.0,1x12 1x12 1x12 1x12,48,0.0,0.0,plecy,biceps,
616,93,2024-07-06,kalistenika,dipy kólka,x5 x5 x5 x5,s3,0.0,0.0,0.0,0.0,0.0,1x5 1x5 1x5 1x5,20,0.0,0.0,triceps,klatka,
617,93,2024-07-06,kalistenika,przysiady na jednej nodze z kółkami,x5 x5 x5 x5,s3,0.0,0.0,0.0,0.0,0.0,1x5 1x5 1x5 1x5,20,0.0,0.0,,,
618,93,2024-07-06,kalistenika,pompki pike,x8 x8 x8 x8,s4,0.0,0.0,0.0,0.0,0.0,1x8 1x8 1x8 1x8,32,0.0,0.0,barki,,
619,93,2024-07-06,kalistenika,l sit,5s 5s 3s 5s,s4,0.0,0.0,0.0,0.0,0.0,5s 5s 3s 5s,0,0.0,0.0,,,
620,93,2024-07-06,kalistenika,zwis,z jedną ręką na ręczniku 2x25s 2x25s 2x20s 2x20s,s4,0.0,0.0,0.0,0.0,0.0,,0,0.0,0.0,chwyt,przedramie,na czas
621,94,2024-07-07,bieganie,dystans,25,,25.0,0.0,0.0,0.0,0.0,,0,0.0,0.0,bieganie,,
622,94,2024-07-07,bieganie,tempo,5'27,,0.0,0.0,0.0,0.0,0.0,,0,0.0,0.0,bieganie,,
623,94,2024-07-07,bieganie,czas,02:16:18,,0.0,2.0,16.0,18.0,8178.0,,0,0.0,0.0,bieganie,,
624,95,2024-07-09,siłownia,wyciskanie na ławce płaskiej,92.5kg x4 x4 x4; 70kg x14,,0.0,0.0,0.0,0.0,0.0,92.5kg 1x4 1x4 1x4,12,92.5,1110.0,klatka,triceps,
625,95,2024-07-09,siłownia,wyciskanie na ławce płaskiej,92.5kg x4 x4 x4; 70kg x14,,0.0,0.0,0.0,0.0,0.0, 70kg 1x14,14,70.0,980.0,klatka,triceps,
626,95,2024-07-09,siłownia,martwy ciąg,70kg x6 x6 x6 x7,,0.0,0.0,0.0,0.0,0.0,70kg 1x6 1x6 1x6 1x7,25,70.0,1750.0,nogi,,
627,95,2024-07-09,siłownia,podciąganie nachwytem,10kg x5 x5 x5 ,,0.0,0.0,0.0,0.0,0.0,10kg 1x5 1x5 1x5 ,15,10.0,150.0,plecy,,
628,95,2024-07-09,siłownia,podciąganie podchwytem,10kg x6 x5,,0.0,0.0,0.0,0.0,0.0,10kg 1x6 1x5,11,10.0,110.0,plecy,biceps,
629,95,2024-07-09,siłownia,modlitewnik sztanga,25kg x13 x11 x10 x10,,0.0,0.0,0.0,0.0,0.0,25kg 1x13 1x11 1x10 1x10,44,25.0,1100.0,biceps,,
630,95,2024-07-09,siłownia,wyciskanie hantli nad głowę,25kg x8 x8 x8 x8,,0.0,0.0,0.0,0.0,0.0,25kg 1x8 1x8 1x8 1x8,32,25.0,800.0,barki,,
631,95,2024-07-09,siłownia,wyciskanie francuskie 2 hantlami,27.5kg x8 x8 x8 x8,,0.0,0.0,0.0,0.0,0.0,27.5kg 1x8 1x8 1x8 1x8,32,27.5,880.0,triceps,,
632,95,2024-07-09,siłownia,hip trusty na ziemi,27.5kg x10 x10 x10 x10,,0.0,0.0,0.0,0.0,0.0,27.5kg 1x10 1x10 1x10 1x10,40,27.5,1100.0,dupa,,
633,95,2024-07-09,siłownia,wzniosy nóg,x10 x10 x10 x10,,0.0,0.0,0.0,0.0,0.0,1x10 1x10 1x10 1x10,40,0.0,0.0,brzuch,chwyt,
634,96,2024-07-14,kalistenika,podciąganie nachwytem,x10 x8 x8 x8,,0.0,0.0,0.0,0.0,0.0,1x10 1x8 1x8 1x8,34,0.0,0.0,plecy,,
635,96,2024-07-14,kalistenika,dipy,x10 x10 x10 x10,,0.0,0.0,0.0,0.0,0.0,1x10 1x10 1x10 1x10,40,0.0,0.0,triceps,klatka,
636,96,2024-07-14,kalistenika,"przysiady na jednej nodze, negatywy",x10 x10 x10 x10,,0.0,0.0,0.0,0.0,0.0,1x10 1x10 1x10 1x10,40,0.0,0.0,nogi,,
637,96,2024-07-14,kalistenika,podciąganie podchwytem,x5 x7,,0.0,0.0,0.0,0.0,0.0,1x5 1x7,12,0.0,0.0,plecy,biceps,
638,96,2024-07-14,kalistenika,pompki,x20 x20,,0.0,0.0,0.0,0.0,0.0,1x20 1x20,40,0.0,0.0,klatka,triceps,
639,96,2024-07-14,kalistenika,wykroki,x14 x14,,0.0,0.0,0.0,0.0,0.0,1x14 1x14,28,0.0,0.0,nogi,,
640,96,2024-07-14,kalistenika,zwis,40s,,0.0,0.0,0.0,0.0,0.0,,0,0.0,0.0,chwyt,przedramie,na czas
641,97,2024-07-16,siłownia,wyciskanie na ławce płaskiej,95kg x4 x3 x2; 70kg x15,,0.0,0.0,0.0,0.0,0.0,95kg 1x4 1x3 1x2,9,95.0,855.0,klatka,triceps,
642,97,2024-07-16,siłownia,wyciskanie na ławce płaskiej,95kg x4 x3 x2; 70kg x15,,0.0,0.0,0.0,0.0,0.0, 70kg 1x15,15,70.0,1050.0,klatka,triceps,
643,97,2024-07-16,siłownia,przysiady,80kg x5 x5 x4 x3,,0.0,0.0,0.0,0.0,0.0,80kg 1x5 1x5 1x4 1x3,17,80.0,1360.0,nogi,,
644,97,2024-07-16,siłownia,podciąganie nachwytem,15kg x3 x3 x2,,0.0,0.0,0.0,0.0,0.0,15kg 1x3 1x3 1x2,8,15.0,120.0,plecy,,
645,97,2024-07-16,siłownia,podciąganie podchwytem,15kg x4 x3,,0.0,0.0,0.0,0.0,0.0,15kg 1x4 1x3,7,15.0,105.0,plecy,biceps,
646,97,2024-07-16,siłownia,wyciąg dolny biceps,6 płytek x12 x12 x12 x12,,0.0,0.0,0.0,0.0,0.0,6 płytek 1x12 1x12 1x12 1x12,48,0.0,0.0,biceps,,
647,97,2024-07-16,siłownia,triceps wyciąg,5 płytek x12 x12 x12 x12,,0.0,0.0,0.0,0.0,0.0,5 płytek 1x12 1x12 1x12 1x12,48,0.0,0.0,triceps,,"wyciąg górny, dowolny uchwyt"
648,97,2024-07-16,siłownia,barki bokiem,9kg x10 x10 x10,,0.0,0.0,0.0,0.0,0.0,9kg 1x10 1x10 1x10,30,9.0,270.0,barki,,
649,97,2024-07-16,siłownia,hip trusty na ziemi,30kg x10 x10 x10 x10,,0.0,0.0,0.0,0.0,0.0,30kg 1x10 1x10 1x10 1x10,40,30.0,1200.0,dupa,,
650,97,2024-07-16,siłownia,wzniosy nóg do drążka,x5 x5 x5 x5,,0.0,0.0,0.0,0.0,0.0,1x5 1x5 1x5 1x5,20,0.0,0.0,brzuch,chwyt,
651,98,2024-07-22,bieganie,dystans,3.11,,3.11,0.0,0.0,0.0,0.0,,0,0.0,0.0,bieganie,,
652,98,2024-07-22,bieganie,tempo,5'05,,0.0,0.0,0.0,0.0,0.0,,0,0.0,0.0,bieganie,,
653,98,2024-07-22,bieganie,czas,00:15:48,,0.0,0.0,15.0,48.0,948.0,,0,0.0,0.0,bieganie,,
654,98,2024-07-22,kalistenika,muscle up z wyskoku,zabawaa,,0.0,0.0,0.0,0.0,0.0,zabawaa,0,0.0,0.0,plecy,triceps,
655,98,2024-07-22,kalistenika,podciąganie nachwytem,x12 x8 x8,s1,0.0,0.0,0.0,0.0,0.0,1x12 1x8 1x8,28,0.0,0.0,plecy,,
656,98,2024-07-22,kalistenika,dipy,x12 x8 x8,s1,0.0,0.0,0.0,0.0,0.0,1x12 1x8 1x8,28,0.0,0.0,triceps,klatka,
657,98,2024-07-22,kalistenika,"przysiady na jednej nodze, negatywy",x6 x6 x6,s1,0.0,0.0,0.0,0.0,0.0,1x6 1x6 1x6,18,0.0,0.0,nogi,,
658,98,2024-07-22,kalistenika,podciąganie podchwytem,x7 x7 x7,s2,0.0,0.0,0.0,0.0,0.0,1x7 1x7 1x7,21,0.0,0.0,plecy,biceps,
659,98,2024-07-22,kalistenika,pompki,x15 x15 x15,s2,0.0,0.0,0.0,0.0,0.0,1x15 1x15 1x15,45,0.0,0.0,klatka,triceps,
660,98,2024-07-22,kalistenika,przysiady z wyskokiem,x10 x10 x10,s2,0.0,0.0,0.0,0.0,0.0,1x10 1x10 1x10,30,0.0,0.0,nogi,,
661,98,2024-07-22,kalistenika,podciąganie australijskie nachwytem,x10 x10,s3,0.0,0.0,0.0,0.0,0.0,1x10 1x10,20,0.0,0.0,plecy,,
662,98,2024-07-22,kalistenika,pompki pike,x9 x9,s3,0.0,0.0,0.0,0.0,0.0,1x9 1x9,18,0.0,0.0,barki,,
663,98,2024-07-22,kalistenika,frog stand,12s 7s,s3,0.0,0.0,0.0,0.0,0.0,,0,0.0,0.0,barki,,na czas
664,98,2024-07-22,kalistenika,podciąganie australijskie  podchywtem,x10 x10,s4,0.0,0.0,0.0,0.0,0.0,1x10 1x10,20,0.0,0.0,plecy,biceps,
665,98,2024-07-22,kalistenika,diamenty,x8 x10,s4,0.0,0.0,0.0,0.0,0.0,1x8 1x10,18,0.0,0.0,triceps,klatka,
666,98,2024-07-22,kalistenika,l sit,6s 6s,s4,0.0,0.0,0.0,0.0,0.0,6s 6s,0,0.0,0.0,,,
667,98,2024-07-22,bieganie,dystans,3,,3.0,0.0,0.0,0.0,0.0,,0,0.0,0.0,bieganie,,
668,98,2024-07-22,bieganie,tempo,6'12,,0.0,0.0,0.0,0.0,0.0,,0,0.0,0.0,bieganie,,
669,98,2024-07-22,bieganie,czas,00:18:39,,0.0,0.0,18.0,39.0,1119.0,,0,0.0,0.0,bieganie,,
670,99,2024-07-23,bieganie,dystans,10,,10.0,0.0,0.0,0.0,0.0,,0,0.0,0.0,bieganie,,
671,99,2024-07-23,bieganie,tempo,522,,0.0,0.0,0.0,0.0,0.0,,0,0.0,0.0,bieganie,,
672,99,2024-07-23,bieganie,czas,00:53:53,,0.0,0.0,53.0,53.0,3233.0,,0,0.0,0.0,bieganie,,
673,100,2024-07-24,siłownia,wyciskanie na ławce płaskiej,100kg x2 x1; 90kg x5; 70kg x10,,0.0,0.0,0.0,0.0,0.0,100kg 1x2 1x1,3,100.0,300.0,klatka,triceps,
674,100,2024-07-24,siłownia,wyciskanie na ławce płaskiej,100kg x2 x1; 90kg x5; 70kg x10,,0.0,0.0,0.0,0.0,0.0, 90kg 1x5,5,90.0,450.0,klatka,triceps,
675,100,2024-07-24,siłownia,wyciskanie na ławce płaskiej,100kg x2 x1; 90kg x5; 70kg x10,,0.0,0.0,0.0,0.0,0.0, 70kg 1x10,10,70.0,700.0,klatka,triceps,
676,100,2024-07-24,siłownia,ohp,50kg x5 x5; 40kg x8,,0.0,0.0,0.0,0.0,0.0,50kg 1x5 1x5,10,50.0,500.0,barki,,
677,100,2024-07-24,siłownia,ohp,50kg x5 x5; 40kg x8,,0.0,0.0,0.0,0.0,0.0, 40kg 1x8,8,40.0,320.0,barki,,
678,100,2024-07-24,siłownia,modlitewnik maszyna,30kg x10 x10 x10,,0.0,0.0,0.0,0.0,0.0,30kg 1x10 1x10 1x10,30,30.0,900.0,biceps,,
679,100,2024-07-24,siłownia,wyciskanie francuskie 1 hantel,27.5kg x10 x10,,0.0,0.0,0.0,0.0,0.0,27.5kg 1x10 1x10,20,27.5,550.0,triceps,,
680,100,2024-07-24,siłownia,wyciąg poziomy do klatki,68kg x11 x11 x11,,0.0,0.0,0.0,0.0,0.0,68kg 1x11 1x11 1x11,33,68.0,2244.0,plecy,biceps,
681,100,2024-07-24,siłownia,hip trusty maszyna,35kg x8 x8 x8,,0.0,0.0,0.0,0.0,0.0,35kg 1x8 1x8 1x8,24,35.0,840.0,dupa,,
682,101,2024-07-31,siłownia,wyciskanie na ławce płaskiej,100kg x2; 90kg x3,,0.0,0.0,0.0,0.0,0.0,100kg 1x2,2,100.0,200.0,klatka,triceps,
683,101,2024-07-31,siłownia,wyciskanie na ławce płaskiej,100kg x2; 90kg x3,,0.0,0.0,0.0,0.0,0.0, 90kg 1x3,3,90.0,270.0,klatka,triceps,
684,101,2024-07-31,siłownia,martwy ciąg,80kg x6 x6 x6,,0.0,0.0,0.0,0.0,0.0,80kg 1x6 1x6 1x6,18,80.0,1440.0,nogi,,
685,101,2024-07-31,siłownia,triceps wyciąg,30kg x8 x8; 35kg x8,,0.0,0.0,0.0,0.0,0.0,30kg 1x8 1x8,16,30.0,480.0,triceps,,"wyciąg górny, dowolny uchwyt"
686,101,2024-07-31,siłownia,triceps wyciąg,30kg x8 x8; 35kg x8,,0.0,0.0,0.0,0.0,0.0, 35kg 1x8,8,35.0,280.0,triceps,,"wyciąg górny, dowolny uchwyt"
687,101,2024-07-31,siłownia,uginanie ramion z obrotem stojąc,16kg x24; 18kg x16 x16,,0.0,0.0,0.0,0.0,0.0,16kg 1x24,24,16.0,384.0,biceps,,
688,101,2024-07-31,siłownia,uginanie ramion z obrotem stojąc,16kg x24; 18kg x16 x16,,0.0,0.0,0.0,0.0,0.0, 18kg 1x16 1x16,32,18.0,576.0,biceps,,
689,101,2024-07-31,siłownia,barki bokiem,10kg x10 x10 x10,,0.0,0.0,0.0,0.0,0.0,10kg 1x10 1x10 1x10,30,10.0,300.0,barki,,
690,102,2024-08-01,bieganie,dystans,10,,10.0,0.0,0.0,0.0,0.0,,0,0.0,0.0,bieganie,,
691,102,2024-08-01,bieganie,tempo,5'05,,0.0,0.0,0.0,0.0,0.0,,0,0.0,0.0,bieganie,,
692,102,2024-08-01,bieganie,czas,00:50:53,,0.0,0.0,50.0,53.0,3053.0,,0,0.0,0.0,bieganie,,
693,103,2024-08-12,bieganie,bieg spokojny,8,,0.0,0.0,0.0,0.0,0.0,,0,0.0,0.0,bieganie,,
694,103,2024-08-12,bieganie,sprint,"10x100m, 100m marszu",,0.0,0.0,0.0,0.0,0.0,,0,0.0,0.0,bieganie,,do notowania z przerwami
695,103,2024-08-12,bieganie,dystans,10,,10.0,0.0,0.0,0.0,0.0,,0,0.0,0.0,bieganie,,
696,103,2024-08-12,bieganie,tempo,5'11,,0.0,0.0,0.0,0.0,0.0,,0,0.0,0.0,bieganie,,
697,103,2024-08-12,bieganie,czas,00:52:06,,0.0,0.0,52.0,6.0,3126.0,,0,0.0,0.0,bieganie,,
698,104,2024-08-13,siłownia,wyciskanie na ławce płaskiej,90kg x4 x4 x3; 70kg x14,,0.0,0.0,0.0,0.0,0.0,90kg 1x4 1x4 1x3,11,90.0,990.0,klatka,triceps,
699,104,2024-08-13,siłownia,wyciskanie na ławce płaskiej,90kg x4 x4 x3; 70kg x14,,0.0,0.0,0.0,0.0,0.0, 70kg 1x14,14,70.0,980.0,klatka,triceps,
700,104,2024-08-13,siłownia,przysiady,60kg x6 x6 x6 x6,,0.0,0.0,0.0,0.0,0.0,60kg 1x6 1x6 1x6 1x6,24,60.0,1440.0,nogi,,
701,104,2024-08-13,siłownia,podciąganie nachwytem,x10 x8 x8,,0.0,0.0,0.0,0.0,0.0,1x10 1x8 1x8,26,0.0,0.0,plecy,,
702,104,2024-08-13,siłownia,podciąganie podchwytem,x6 x6,,0.0,0.0,0.0,0.0,0.0,1x6 1x6,12,0.0,0.0,plecy,biceps,
703,104,2024-08-13,siłownia,wyciskanie francuskie 2 hantlami,10kg x10; 12.5kg x10 x10,,0.0,0.0,0.0,0.0,0.0,10kg 1x10,10,10.0,100.0,triceps,,
704,104,2024-08-13,siłownia,wyciskanie francuskie 2 hantlami,10kg x10; 12.5kg x10 x10,,0.0,0.0,0.0,0.0,0.0, 12.5kg 1x10 1x10,20,12.5,250.0,triceps,,
705,104,2024-08-13,siłownia,modlitewnik maszyna,32.5kg x8 x8 x8,,0.0,0.0,0.0,0.0,0.0,32.5kg 1x8 1x8 1x8,24,32.5,780.0,biceps,,
706,104,2024-08-13,siłownia,barki tyl w opadzie,31.5kg x8 x8 x8,,0.0,0.0,0.0,0.0,0.0,31.5kg 1x8 1x8 1x8,24,31.5,756.0,barki,,
707,104,2024-08-13,siłownia,hip trusty maszyna,40kg x8,,0.0,0.0,0.0,0.0,0.0,40kg 1x8,8,40.0,320.0,dupa,,
708,104,2024-08-13,siłownia,zwis,6x20s/20s,,0.0,0.0,0.0,0.0,0.0,,0,0.0,0.0,chwyt,przedramie,na czas
